epoch,layer_idx,layer,grad_norm
0,0,conv1,0.692374
0,1,layer1.0.conv1,0.919304
0,2,layer1.0.conv2,0.76864
0,3,layer1.1.conv1,0.602506
0,4,layer1.1.conv2,0.551199
0,5,layer1.2.conv1,0.543627
0,6,layer1.2.conv2,0.540831
0,7,layer2.0.conv1,0.528541
0,8,layer2.0.conv2,0.947159
0,9,layer2.1.conv1,0.658069
0,10,layer2.1.conv2,0.747398
0,11,layer2.2.conv1,0.655728
0,12,layer2.2.conv2,0.733058
0,13,layer3.0.conv1,0.654763
0,14,layer3.0.conv2,0.912631
0,15,layer3.1.conv1,0.880506
0,16,layer3.1.conv2,0.974441
0,17,layer3.2.conv1,0.849672
0,18,layer3.2.conv2,1.14808
1,0,conv1,0.295253
1,1,layer1.0.conv1,0.211486
1,2,layer1.0.conv2,0.164323
1,3,layer1.1.conv1,0.146839
1,4,layer1.1.conv2,0.154474
1,5,layer1.2.conv1,0.12998
1,6,layer1.2.conv2,0.115649
1,7,layer2.0.conv1,0.143882
1,8,layer2.0.conv2,0.191208
1,9,layer2.1.conv1,0.135041
1,10,layer2.1.conv2,0.147516
1,11,layer2.2.conv1,0.161702
1,12,layer2.2.conv2,0.158796
1,13,layer3.0.conv1,0.189753
1,14,layer3.0.conv2,0.245857
1,15,layer3.1.conv1,0.239287
1,16,layer3.1.conv2,0.247451
1,17,layer3.2.conv1,0.199007
1,18,layer3.2.conv2,0.227771
2,0,conv1,0.349375
2,1,layer1.0.conv1,0.217393
2,2,layer1.0.conv2,0.195944
2,3,layer1.1.conv1,0.150579
2,4,layer1.1.conv2,0.163779
2,5,layer1.2.conv1,0.164424
2,6,layer1.2.conv2,0.135056
2,7,layer2.0.conv1,0.17511
2,8,layer2.0.conv2,0.190398
2,9,layer2.1.conv1,0.157056
2,10,layer2.1.conv2,0.15255
2,11,layer2.2.conv1,0.15197
2,12,layer2.2.conv2,0.149782
2,13,layer3.0.conv1,0.202797
2,14,layer3.0.conv2,0.245216
2,15,layer3.1.conv1,0.252394
2,16,layer3.1.conv2,0.219499
2,17,layer3.2.conv1,0.190427
2,18,layer3.2.conv2,0.171224
3,0,conv1,0.256726
3,1,layer1.0.conv1,0.157167
3,2,layer1.0.conv2,0.165047
3,3,layer1.1.conv1,0.146638
3,4,layer1.1.conv2,0.143411
3,5,layer1.2.conv1,0.162028
3,6,layer1.2.conv2,0.141447
3,7,layer2.0.conv1,0.179986
3,8,layer2.0.conv2,0.19537
3,9,layer2.1.conv1,0.164141
3,10,layer2.1.conv2,0.153851
3,11,layer2.2.conv1,0.148801
3,12,layer2.2.conv2,0.143669
3,13,layer3.0.conv1,0.213096
3,14,layer3.0.conv2,0.254432
3,15,layer3.1.conv1,0.2605
3,16,layer3.1.conv2,0.222463
3,17,layer3.2.conv1,0.191061
3,18,layer3.2.conv2,0.160768
4,0,conv1,0.242989
4,1,layer1.0.conv1,0.14955
4,2,layer1.0.conv2,0.155192
4,3,layer1.1.conv1,0.140009
4,4,layer1.1.conv2,0.139673
4,5,layer1.2.conv1,0.171359
4,6,layer1.2.conv2,0.144135
4,7,layer2.0.conv1,0.190628
4,8,layer2.0.conv2,0.208802
4,9,layer2.1.conv1,0.174419
4,10,layer2.1.conv2,0.160795
4,11,layer2.2.conv1,0.154612
4,12,layer2.2.conv2,0.146013
4,13,layer3.0.conv1,0.224346
4,14,layer3.0.conv2,0.27549
4,15,layer3.1.conv1,0.277624
4,16,layer3.1.conv2,0.247224
4,17,layer3.2.conv1,0.218458
4,18,layer3.2.conv2,0.175875
5,0,conv1,0.236628
5,1,layer1.0.conv1,0.142073
5,2,layer1.0.conv2,0.14903
5,3,layer1.1.conv1,0.142776
5,4,layer1.1.conv2,0.137203
5,5,layer1.2.conv1,0.167772
5,6,layer1.2.conv2,0.145777
5,7,layer2.0.conv1,0.185218
5,8,layer2.0.conv2,0.214622
5,9,layer2.1.conv1,0.181902
5,10,layer2.1.conv2,0.168157
5,11,layer2.2.conv1,0.158401
5,12,layer2.2.conv2,0.148598
5,13,layer3.0.conv1,0.232128
5,14,layer3.0.conv2,0.282799
5,15,layer3.1.conv1,0.289528
5,16,layer3.1.conv2,0.253876
5,17,layer3.2.conv1,0.227094
5,18,layer3.2.conv2,0.172576
6,0,conv1,0.192261
6,1,layer1.0.conv1,0.134714
6,2,layer1.0.conv2,0.140813
6,3,layer1.1.conv1,0.134369
6,4,layer1.1.conv2,0.128079
6,5,layer1.2.conv1,0.159776
6,6,layer1.2.conv2,0.136386
6,7,layer2.0.conv1,0.179239
6,8,layer2.0.conv2,0.19738
6,9,layer2.1.conv1,0.164597
6,10,layer2.1.conv2,0.155355
6,11,layer2.2.conv1,0.15885
6,12,layer2.2.conv2,0.143103
6,13,layer3.0.conv1,0.218144
6,14,layer3.0.conv2,0.275125
6,15,layer3.1.conv1,0.285893
6,16,layer3.1.conv2,0.246214
6,17,layer3.2.conv1,0.224071
6,18,layer3.2.conv2,0.165291
7,0,conv1,0.215418
7,1,layer1.0.conv1,0.140309
7,2,layer1.0.conv2,0.1456
7,3,layer1.1.conv1,0.137852
7,4,layer1.1.conv2,0.128439
7,5,layer1.2.conv1,0.164276
7,6,layer1.2.conv2,0.132008
7,7,layer2.0.conv1,0.174847
7,8,layer2.0.conv2,0.201944
7,9,layer2.1.conv1,0.164491
7,10,layer2.1.conv2,0.152038
7,11,layer2.2.conv1,0.162787
7,12,layer2.2.conv2,0.147711
7,13,layer3.0.conv1,0.224756
7,14,layer3.0.conv2,0.28212
7,15,layer3.1.conv1,0.291017
7,16,layer3.1.conv2,0.250129
7,17,layer3.2.conv1,0.227852
7,18,layer3.2.conv2,0.166816
8,0,conv1,0.206582
8,1,layer1.0.conv1,0.133814
8,2,layer1.0.conv2,0.136333
8,3,layer1.1.conv1,0.134917
8,4,layer1.1.conv2,0.12669
8,5,layer1.2.conv1,0.155663
8,6,layer1.2.conv2,0.135975
8,7,layer2.0.conv1,0.171447
8,8,layer2.0.conv2,0.197124
8,9,layer2.1.conv1,0.161433
8,10,layer2.1.conv2,0.149167
8,11,layer2.2.conv1,0.159053
8,12,layer2.2.conv2,0.141062
8,13,layer3.0.conv1,0.222395
8,14,layer3.0.conv2,0.279076
8,15,layer3.1.conv1,0.292918
8,16,layer3.1.conv2,0.25504
8,17,layer3.2.conv1,0.231764
8,18,layer3.2.conv2,0.165975
9,0,conv1,0.18446
9,1,layer1.0.conv1,0.129077
9,2,layer1.0.conv2,0.131909
9,3,layer1.1.conv1,0.126557
9,4,layer1.1.conv2,0.121319
9,5,layer1.2.conv1,0.152293
9,6,layer1.2.conv2,0.131156
9,7,layer2.0.conv1,0.160588
9,8,layer2.0.conv2,0.187985
9,9,layer2.1.conv1,0.155111
9,10,layer2.1.conv2,0.141912
9,11,layer2.2.conv1,0.15292
9,12,layer2.2.conv2,0.134801
9,13,layer3.0.conv1,0.214683
9,14,layer3.0.conv2,0.266826
9,15,layer3.1.conv1,0.274745
9,16,layer3.1.conv2,0.241018
9,17,layer3.2.conv1,0.22269
9,18,layer3.2.conv2,0.155718
10,0,conv1,0.17169
10,1,layer1.0.conv1,0.127923
10,2,layer1.0.conv2,0.128542
10,3,layer1.1.conv1,0.12881
10,4,layer1.1.conv2,0.1236
10,5,layer1.2.conv1,0.157481
10,6,layer1.2.conv2,0.136565
10,7,layer2.0.conv1,0.175552
10,8,layer2.0.conv2,0.200907
10,9,layer2.1.conv1,0.167975
10,10,layer2.1.conv2,0.14959
10,11,layer2.2.conv1,0.161385
10,12,layer2.2.conv2,0.144957
10,13,layer3.0.conv1,0.229153
10,14,layer3.0.conv2,0.289045
10,15,layer3.1.conv1,0.29814
10,16,layer3.1.conv2,0.267448
10,17,layer3.2.conv1,0.246514
10,18,layer3.2.conv2,0.174201
11,0,conv1,0.178342
11,1,layer1.0.conv1,0.122979
11,2,layer1.0.conv2,0.128176
11,3,layer1.1.conv1,0.123049
11,4,layer1.1.conv2,0.11818
11,5,layer1.2.conv1,0.14524
11,6,layer1.2.conv2,0.128942
11,7,layer2.0.conv1,0.16964
11,8,layer2.0.conv2,0.198759
11,9,layer2.1.conv1,0.157873
11,10,layer2.1.conv2,0.14093
11,11,layer2.2.conv1,0.156543
11,12,layer2.2.conv2,0.14039
11,13,layer3.0.conv1,0.224169
11,14,layer3.0.conv2,0.279873
11,15,layer3.1.conv1,0.284833
11,16,layer3.1.conv2,0.256323
11,17,layer3.2.conv1,0.238005
11,18,layer3.2.conv2,0.164346
12,0,conv1,0.154173
12,1,layer1.0.conv1,0.121156
12,2,layer1.0.conv2,0.120422
12,3,layer1.1.conv1,0.119182
12,4,layer1.1.conv2,0.114057
12,5,layer1.2.conv1,0.142827
12,6,layer1.2.conv2,0.125581
12,7,layer2.0.conv1,0.156691
12,8,layer2.0.conv2,0.181016
12,9,layer2.1.conv1,0.148971
12,10,layer2.1.conv2,0.131609
12,11,layer2.2.conv1,0.142195
12,12,layer2.2.conv2,0.127494
12,13,layer3.0.conv1,0.203294
12,14,layer3.0.conv2,0.260035
12,15,layer3.1.conv1,0.267253
12,16,layer3.1.conv2,0.238968
12,17,layer3.2.conv1,0.226457
12,18,layer3.2.conv2,0.152562
13,0,conv1,0.164072
13,1,layer1.0.conv1,0.125641
13,2,layer1.0.conv2,0.131871
13,3,layer1.1.conv1,0.131689
13,4,layer1.1.conv2,0.127672
13,5,layer1.2.conv1,0.153347
13,6,layer1.2.conv2,0.135791
13,7,layer2.0.conv1,0.170306
13,8,layer2.0.conv2,0.193948
13,9,layer2.1.conv1,0.157199
13,10,layer2.1.conv2,0.142037
13,11,layer2.2.conv1,0.161562
13,12,layer2.2.conv2,0.138187
13,13,layer3.0.conv1,0.223191
13,14,layer3.0.conv2,0.278791
13,15,layer3.1.conv1,0.287116
13,16,layer3.1.conv2,0.255052
13,17,layer3.2.conv1,0.242543
13,18,layer3.2.conv2,0.166719
14,0,conv1,0.173295
14,1,layer1.0.conv1,0.129592
14,2,layer1.0.conv2,0.131222
14,3,layer1.1.conv1,0.13314
14,4,layer1.1.conv2,0.118137
14,5,layer1.2.conv1,0.154868
14,6,layer1.2.conv2,0.129559
14,7,layer2.0.conv1,0.164607
14,8,layer2.0.conv2,0.189384
14,9,layer2.1.conv1,0.161027
14,10,layer2.1.conv2,0.143916
14,11,layer2.2.conv1,0.160893
14,12,layer2.2.conv2,0.139969
14,13,layer3.0.conv1,0.217384
14,14,layer3.0.conv2,0.276609
14,15,layer3.1.conv1,0.284626
14,16,layer3.1.conv2,0.254221
14,17,layer3.2.conv1,0.246745
14,18,layer3.2.conv2,0.166171
15,0,conv1,0.154454
15,1,layer1.0.conv1,0.114987
15,2,layer1.0.conv2,0.120061
15,3,layer1.1.conv1,0.119268
15,4,layer1.1.conv2,0.112336
15,5,layer1.2.conv1,0.135394
15,6,layer1.2.conv2,0.116795
15,7,layer2.0.conv1,0.153526
15,8,layer2.0.conv2,0.181376
15,9,layer2.1.conv1,0.152054
15,10,layer2.1.conv2,0.136231
15,11,layer2.2.conv1,0.149684
15,12,layer2.2.conv2,0.132784
15,13,layer3.0.conv1,0.211178
15,14,layer3.0.conv2,0.268692
15,15,layer3.1.conv1,0.277081
15,16,layer3.1.conv2,0.247008
15,17,layer3.2.conv1,0.235348
15,18,layer3.2.conv2,0.157409
16,0,conv1,0.149452
16,1,layer1.0.conv1,0.109392
16,2,layer1.0.conv2,0.113074
16,3,layer1.1.conv1,0.113937
16,4,layer1.1.conv2,0.108353
16,5,layer1.2.conv1,0.136207
16,6,layer1.2.conv2,0.119116
16,7,layer2.0.conv1,0.157139
16,8,layer2.0.conv2,0.178659
16,9,layer2.1.conv1,0.153436
16,10,layer2.1.conv2,0.135143
16,11,layer2.2.conv1,0.151748
16,12,layer2.2.conv2,0.130773
16,13,layer3.0.conv1,0.204852
16,14,layer3.0.conv2,0.261003
16,15,layer3.1.conv1,0.266535
16,16,layer3.1.conv2,0.23619
16,17,layer3.2.conv1,0.233217
16,18,layer3.2.conv2,0.156521
17,0,conv1,0.145768
17,1,layer1.0.conv1,0.122238
17,2,layer1.0.conv2,0.119451
17,3,layer1.1.conv1,0.11728
17,4,layer1.1.conv2,0.108174
17,5,layer1.2.conv1,0.139507
17,6,layer1.2.conv2,0.12616
17,7,layer2.0.conv1,0.159689
17,8,layer2.0.conv2,0.184607
17,9,layer2.1.conv1,0.153472
17,10,layer2.1.conv2,0.141476
17,11,layer2.2.conv1,0.154281
17,12,layer2.2.conv2,0.135799
17,13,layer3.0.conv1,0.219762
17,14,layer3.0.conv2,0.27657
17,15,layer3.1.conv1,0.28034
17,16,layer3.1.conv2,0.250096
17,17,layer3.2.conv1,0.246207
17,18,layer3.2.conv2,0.160916
18,0,conv1,0.145961
18,1,layer1.0.conv1,0.122144
18,2,layer1.0.conv2,0.123616
18,3,layer1.1.conv1,0.124368
18,4,layer1.1.conv2,0.117685
18,5,layer1.2.conv1,0.148089
18,6,layer1.2.conv2,0.133573
18,7,layer2.0.conv1,0.164923
18,8,layer2.0.conv2,0.188434
18,9,layer2.1.conv1,0.158152
18,10,layer2.1.conv2,0.143184
18,11,layer2.2.conv1,0.160435
18,12,layer2.2.conv2,0.136668
18,13,layer3.0.conv1,0.216762
18,14,layer3.0.conv2,0.279167
18,15,layer3.1.conv1,0.288692
18,16,layer3.1.conv2,0.256493
18,17,layer3.2.conv1,0.251498
18,18,layer3.2.conv2,0.165517
19,0,conv1,0.158205
19,1,layer1.0.conv1,0.128448
19,2,layer1.0.conv2,0.126038
19,3,layer1.1.conv1,0.132169
19,4,layer1.1.conv2,0.123104
19,5,layer1.2.conv1,0.148449
19,6,layer1.2.conv2,0.130426
19,7,layer2.0.conv1,0.170343
19,8,layer2.0.conv2,0.195817
19,9,layer2.1.conv1,0.16398
19,10,layer2.1.conv2,0.145372
19,11,layer2.2.conv1,0.16713
19,12,layer2.2.conv2,0.144236
19,13,layer3.0.conv1,0.227097
19,14,layer3.0.conv2,0.286524
19,15,layer3.1.conv1,0.290686
19,16,layer3.1.conv2,0.262717
19,17,layer3.2.conv1,0.256118
19,18,layer3.2.conv2,0.16877
20,0,conv1,0.160293
20,1,layer1.0.conv1,0.128483
20,2,layer1.0.conv2,0.129476
20,3,layer1.1.conv1,0.129975
20,4,layer1.1.conv2,0.119272
20,5,layer1.2.conv1,0.160028
20,6,layer1.2.conv2,0.136383
20,7,layer2.0.conv1,0.168644
20,8,layer2.0.conv2,0.199518
20,9,layer2.1.conv1,0.171698
20,10,layer2.1.conv2,0.150981
20,11,layer2.2.conv1,0.172039
20,12,layer2.2.conv2,0.153992
20,13,layer3.0.conv1,0.233339
20,14,layer3.0.conv2,0.295773
20,15,layer3.1.conv1,0.303494
20,16,layer3.1.conv2,0.2718
20,17,layer3.2.conv1,0.265114
20,18,layer3.2.conv2,0.171946
21,0,conv1,0.154955
21,1,layer1.0.conv1,0.123875
21,2,layer1.0.conv2,0.119375
21,3,layer1.1.conv1,0.119792
21,4,layer1.1.conv2,0.110981
21,5,layer1.2.conv1,0.137912
21,6,layer1.2.conv2,0.120338
21,7,layer2.0.conv1,0.15555
21,8,layer2.0.conv2,0.18096
21,9,layer2.1.conv1,0.157537
21,10,layer2.1.conv2,0.138653
21,11,layer2.2.conv1,0.156782
21,12,layer2.2.conv2,0.139919
21,13,layer3.0.conv1,0.21622
21,14,layer3.0.conv2,0.272957
21,15,layer3.1.conv1,0.281728
21,16,layer3.1.conv2,0.249346
21,17,layer3.2.conv1,0.243573
21,18,layer3.2.conv2,0.158018
22,0,conv1,0.149449
22,1,layer1.0.conv1,0.11965
22,2,layer1.0.conv2,0.119353
22,3,layer1.1.conv1,0.117224
22,4,layer1.1.conv2,0.109929
22,5,layer1.2.conv1,0.139105
22,6,layer1.2.conv2,0.121699
22,7,layer2.0.conv1,0.158364
22,8,layer2.0.conv2,0.187117
22,9,layer2.1.conv1,0.151793
22,10,layer2.1.conv2,0.137672
22,11,layer2.2.conv1,0.156518
22,12,layer2.2.conv2,0.140615
22,13,layer3.0.conv1,0.219115
22,14,layer3.0.conv2,0.277905
22,15,layer3.1.conv1,0.279346
22,16,layer3.1.conv2,0.250613
22,17,layer3.2.conv1,0.246291
22,18,layer3.2.conv2,0.159869
23,0,conv1,0.181113
23,1,layer1.0.conv1,0.127991
23,2,layer1.0.conv2,0.127268
23,3,layer1.1.conv1,0.133261
23,4,layer1.1.conv2,0.122794
23,5,layer1.2.conv1,0.154611
23,6,layer1.2.conv2,0.136026
23,7,layer2.0.conv1,0.172168
23,8,layer2.0.conv2,0.199263
23,9,layer2.1.conv1,0.168633
23,10,layer2.1.conv2,0.152818
23,11,layer2.2.conv1,0.174597
23,12,layer2.2.conv2,0.154383
23,13,layer3.0.conv1,0.231538
23,14,layer3.0.conv2,0.299707
23,15,layer3.1.conv1,0.304943
23,16,layer3.1.conv2,0.272118
23,17,layer3.2.conv1,0.269334
23,18,layer3.2.conv2,0.174866
24,0,conv1,0.149968
24,1,layer1.0.conv1,0.121042
24,2,layer1.0.conv2,0.12043
24,3,layer1.1.conv1,0.121
24,4,layer1.1.conv2,0.116082
24,5,layer1.2.conv1,0.145253
24,6,layer1.2.conv2,0.125216
24,7,layer2.0.conv1,0.159519
24,8,layer2.0.conv2,0.186854
24,9,layer2.1.conv1,0.161407
24,10,layer2.1.conv2,0.143409
24,11,layer2.2.conv1,0.16399
24,12,layer2.2.conv2,0.144999
24,13,layer3.0.conv1,0.221348
24,14,layer3.0.conv2,0.285143
24,15,layer3.1.conv1,0.2911
24,16,layer3.1.conv2,0.261015
24,17,layer3.2.conv1,0.257714
24,18,layer3.2.conv2,0.165026
25,0,conv1,0.149734
25,1,layer1.0.conv1,0.124935
25,2,layer1.0.conv2,0.128329
25,3,layer1.1.conv1,0.122281
25,4,layer1.1.conv2,0.112934
25,5,layer1.2.conv1,0.144868
25,6,layer1.2.conv2,0.128373
25,7,layer2.0.conv1,0.161117
25,8,layer2.0.conv2,0.1878
25,9,layer2.1.conv1,0.159297
25,10,layer2.1.conv2,0.148368
25,11,layer2.2.conv1,0.158
25,12,layer2.2.conv2,0.140822
25,13,layer3.0.conv1,0.223548
25,14,layer3.0.conv2,0.290837
25,15,layer3.1.conv1,0.297341
25,16,layer3.1.conv2,0.26684
25,17,layer3.2.conv1,0.261281
25,18,layer3.2.conv2,0.166711
26,0,conv1,0.159741
26,1,layer1.0.conv1,0.124335
26,2,layer1.0.conv2,0.124209
26,3,layer1.1.conv1,0.1271
26,4,layer1.1.conv2,0.117596
26,5,layer1.2.conv1,0.141561
26,6,layer1.2.conv2,0.125127
26,7,layer2.0.conv1,0.15811
26,8,layer2.0.conv2,0.185904
26,9,layer2.1.conv1,0.165077
26,10,layer2.1.conv2,0.146119
26,11,layer2.2.conv1,0.164269
26,12,layer2.2.conv2,0.143251
26,13,layer3.0.conv1,0.221494
26,14,layer3.0.conv2,0.285755
26,15,layer3.1.conv1,0.292441
26,16,layer3.1.conv2,0.261773
26,17,layer3.2.conv1,0.262275
26,18,layer3.2.conv2,0.168751
27,0,conv1,0.160448
27,1,layer1.0.conv1,0.120498
27,2,layer1.0.conv2,0.121566
27,3,layer1.1.conv1,0.129434
27,4,layer1.1.conv2,0.119806
27,5,layer1.2.conv1,0.150976
27,6,layer1.2.conv2,0.126542
27,7,layer2.0.conv1,0.163407
27,8,layer2.0.conv2,0.193173
27,9,layer2.1.conv1,0.165154
27,10,layer2.1.conv2,0.148049
27,11,layer2.2.conv1,0.164377
27,12,layer2.2.conv2,0.146023
27,13,layer3.0.conv1,0.225261
27,14,layer3.0.conv2,0.286513
27,15,layer3.1.conv1,0.287702
27,16,layer3.1.conv2,0.258403
27,17,layer3.2.conv1,0.259837
27,18,layer3.2.conv2,0.162968
28,0,conv1,0.168655
28,1,layer1.0.conv1,0.126574
28,2,layer1.0.conv2,0.128554
28,3,layer1.1.conv1,0.13099
28,4,layer1.1.conv2,0.12398
28,5,layer1.2.conv1,0.154829
28,6,layer1.2.conv2,0.136568
28,7,layer2.0.conv1,0.176742
28,8,layer2.0.conv2,0.206517
28,9,layer2.1.conv1,0.172226
28,10,layer2.1.conv2,0.153906
28,11,layer2.2.conv1,0.178979
28,12,layer2.2.conv2,0.156111
28,13,layer3.0.conv1,0.239436
28,14,layer3.0.conv2,0.310737
28,15,layer3.1.conv1,0.31182
28,16,layer3.1.conv2,0.281103
28,17,layer3.2.conv1,0.283559
28,18,layer3.2.conv2,0.178639
29,0,conv1,0.18307
29,1,layer1.0.conv1,0.138288
29,2,layer1.0.conv2,0.136521
29,3,layer1.1.conv1,0.134943
29,4,layer1.1.conv2,0.12684
29,5,layer1.2.conv1,0.155695
29,6,layer1.2.conv2,0.140647
29,7,layer2.0.conv1,0.17378
29,8,layer2.0.conv2,0.203499
29,9,layer2.1.conv1,0.180294
29,10,layer2.1.conv2,0.159824
29,11,layer2.2.conv1,0.178033
29,12,layer2.2.conv2,0.15596
29,13,layer3.0.conv1,0.244375
29,14,layer3.0.conv2,0.314288
29,15,layer3.1.conv1,0.316234
29,16,layer3.1.conv2,0.28829
29,17,layer3.2.conv1,0.285965
29,18,layer3.2.conv2,0.180495
30,0,conv1,0.157865
30,1,layer1.0.conv1,0.125298
30,2,layer1.0.conv2,0.125467
30,3,layer1.1.conv1,0.121893
30,4,layer1.1.conv2,0.116221
30,5,layer1.2.conv1,0.147257
30,6,layer1.2.conv2,0.129669
30,7,layer2.0.conv1,0.1681
30,8,layer2.0.conv2,0.192372
30,9,layer2.1.conv1,0.165492
30,10,layer2.1.conv2,0.148184
30,11,layer2.2.conv1,0.169362
30,12,layer2.2.conv2,0.147276
30,13,layer3.0.conv1,0.228881
30,14,layer3.0.conv2,0.295544
30,15,layer3.1.conv1,0.301865
30,16,layer3.1.conv2,0.272962
30,17,layer3.2.conv1,0.273692
30,18,layer3.2.conv2,0.177211
31,0,conv1,0.16448
31,1,layer1.0.conv1,0.126543
31,2,layer1.0.conv2,0.12238
31,3,layer1.1.conv1,0.124828
31,4,layer1.1.conv2,0.118288
31,5,layer1.2.conv1,0.147054
31,6,layer1.2.conv2,0.132991
31,7,layer2.0.conv1,0.159127
31,8,layer2.0.conv2,0.186313
31,9,layer2.1.conv1,0.163689
31,10,layer2.1.conv2,0.147645
31,11,layer2.2.conv1,0.164599
31,12,layer2.2.conv2,0.146018
31,13,layer3.0.conv1,0.228343
31,14,layer3.0.conv2,0.291248
31,15,layer3.1.conv1,0.289095
31,16,layer3.1.conv2,0.263266
31,17,layer3.2.conv1,0.26203
31,18,layer3.2.conv2,0.165585
32,0,conv1,0.14201
32,1,layer1.0.conv1,0.116842
32,2,layer1.0.conv2,0.112525
32,3,layer1.1.conv1,0.111305
32,4,layer1.1.conv2,0.107057
32,5,layer1.2.conv1,0.135385
32,6,layer1.2.conv2,0.121704
32,7,layer2.0.conv1,0.151027
32,8,layer2.0.conv2,0.175859
32,9,layer2.1.conv1,0.151205
32,10,layer2.1.conv2,0.135758
32,11,layer2.2.conv1,0.154804
32,12,layer2.2.conv2,0.136813
32,13,layer3.0.conv1,0.208997
32,14,layer3.0.conv2,0.26908
32,15,layer3.1.conv1,0.271468
32,16,layer3.1.conv2,0.247888
32,17,layer3.2.conv1,0.250246
32,18,layer3.2.conv2,0.156032
33,0,conv1,0.150495
33,1,layer1.0.conv1,0.126421
33,2,layer1.0.conv2,0.118583
33,3,layer1.1.conv1,0.119312
33,4,layer1.1.conv2,0.11276
33,5,layer1.2.conv1,0.136688
33,6,layer1.2.conv2,0.126009
33,7,layer2.0.conv1,0.160209
33,8,layer2.0.conv2,0.181571
33,9,layer2.1.conv1,0.157449
33,10,layer2.1.conv2,0.147704
33,11,layer2.2.conv1,0.168838
33,12,layer2.2.conv2,0.145292
33,13,layer3.0.conv1,0.221325
33,14,layer3.0.conv2,0.284417
33,15,layer3.1.conv1,0.28651
33,16,layer3.1.conv2,0.258504
33,17,layer3.2.conv1,0.262787
33,18,layer3.2.conv2,0.165166
34,0,conv1,0.139118
34,1,layer1.0.conv1,0.113215
34,2,layer1.0.conv2,0.114316
34,3,layer1.1.conv1,0.114662
34,4,layer1.1.conv2,0.109287
34,5,layer1.2.conv1,0.139619
34,6,layer1.2.conv2,0.122559
34,7,layer2.0.conv1,0.148562
34,8,layer2.0.conv2,0.172966
34,9,layer2.1.conv1,0.151581
34,10,layer2.1.conv2,0.137718
34,11,layer2.2.conv1,0.156606
34,12,layer2.2.conv2,0.137379
34,13,layer3.0.conv1,0.212454
34,14,layer3.0.conv2,0.275983
34,15,layer3.1.conv1,0.274996
34,16,layer3.1.conv2,0.251309
34,17,layer3.2.conv1,0.256138
34,18,layer3.2.conv2,0.155837
35,0,conv1,0.158208
35,1,layer1.0.conv1,0.128051
35,2,layer1.0.conv2,0.121737
35,3,layer1.1.conv1,0.124933
35,4,layer1.1.conv2,0.118212
35,5,layer1.2.conv1,0.148447
35,6,layer1.2.conv2,0.128661
35,7,layer2.0.conv1,0.16292
35,8,layer2.0.conv2,0.188308
35,9,layer2.1.conv1,0.164471
35,10,layer2.1.conv2,0.148485
35,11,layer2.2.conv1,0.169055
35,12,layer2.2.conv2,0.14775
35,13,layer3.0.conv1,0.236624
35,14,layer3.0.conv2,0.299899
35,15,layer3.1.conv1,0.304337
35,16,layer3.1.conv2,0.276299
35,17,layer3.2.conv1,0.277818
35,18,layer3.2.conv2,0.16948
36,0,conv1,0.153202
36,1,layer1.0.conv1,0.123705
36,2,layer1.0.conv2,0.122195
36,3,layer1.1.conv1,0.121129
36,4,layer1.1.conv2,0.11292
36,5,layer1.2.conv1,0.144946
36,6,layer1.2.conv2,0.126012
36,7,layer2.0.conv1,0.160142
36,8,layer2.0.conv2,0.18524
36,9,layer2.1.conv1,0.162858
36,10,layer2.1.conv2,0.146951
36,11,layer2.2.conv1,0.161784
36,12,layer2.2.conv2,0.143207
36,13,layer3.0.conv1,0.220301
36,14,layer3.0.conv2,0.282437
36,15,layer3.1.conv1,0.288296
36,16,layer3.1.conv2,0.261819
36,17,layer3.2.conv1,0.263339
36,18,layer3.2.conv2,0.16476
37,0,conv1,0.152263
37,1,layer1.0.conv1,0.125017
37,2,layer1.0.conv2,0.120576
37,3,layer1.1.conv1,0.121262
37,4,layer1.1.conv2,0.113041
37,5,layer1.2.conv1,0.136961
37,6,layer1.2.conv2,0.120757
37,7,layer2.0.conv1,0.157434
37,8,layer2.0.conv2,0.183546
37,9,layer2.1.conv1,0.163298
37,10,layer2.1.conv2,0.145161
37,11,layer2.2.conv1,0.162286
37,12,layer2.2.conv2,0.142401
37,13,layer3.0.conv1,0.215464
37,14,layer3.0.conv2,0.281199
37,15,layer3.1.conv1,0.286584
37,16,layer3.1.conv2,0.260765
37,17,layer3.2.conv1,0.265012
37,18,layer3.2.conv2,0.162573
38,0,conv1,0.166576
38,1,layer1.0.conv1,0.119911
38,2,layer1.0.conv2,0.119091
38,3,layer1.1.conv1,0.121091
38,4,layer1.1.conv2,0.113966
38,5,layer1.2.conv1,0.146226
38,6,layer1.2.conv2,0.128036
38,7,layer2.0.conv1,0.157916
38,8,layer2.0.conv2,0.185242
38,9,layer2.1.conv1,0.162148
38,10,layer2.1.conv2,0.144091
38,11,layer2.2.conv1,0.163254
38,12,layer2.2.conv2,0.143294
38,13,layer3.0.conv1,0.219951
38,14,layer3.0.conv2,0.283398
38,15,layer3.1.conv1,0.280315
38,16,layer3.1.conv2,0.255383
38,17,layer3.2.conv1,0.261774
38,18,layer3.2.conv2,0.161605
39,0,conv1,0.147785
39,1,layer1.0.conv1,0.116506
39,2,layer1.0.conv2,0.118608
39,3,layer1.1.conv1,0.119832
39,4,layer1.1.conv2,0.113792
39,5,layer1.2.conv1,0.143452
39,6,layer1.2.conv2,0.130419
39,7,layer2.0.conv1,0.15888
39,8,layer2.0.conv2,0.185844
39,9,layer2.1.conv1,0.16118
39,10,layer2.1.conv2,0.143951
39,11,layer2.2.conv1,0.168777
39,12,layer2.2.conv2,0.148437
39,13,layer3.0.conv1,0.220905
39,14,layer3.0.conv2,0.283114
39,15,layer3.1.conv1,0.288169
39,16,layer3.1.conv2,0.25871
39,17,layer3.2.conv1,0.262659
39,18,layer3.2.conv2,0.159201
40,0,conv1,0.161671
40,1,layer1.0.conv1,0.120512
40,2,layer1.0.conv2,0.120978
40,3,layer1.1.conv1,0.12411
40,4,layer1.1.conv2,0.115506
40,5,layer1.2.conv1,0.143846
40,6,layer1.2.conv2,0.127227
40,7,layer2.0.conv1,0.160956
40,8,layer2.0.conv2,0.188028
40,9,layer2.1.conv1,0.165635
40,10,layer2.1.conv2,0.151652
40,11,layer2.2.conv1,0.169679
40,12,layer2.2.conv2,0.149096
40,13,layer3.0.conv1,0.225821
40,14,layer3.0.conv2,0.292602
40,15,layer3.1.conv1,0.291351
40,16,layer3.1.conv2,0.267028
40,17,layer3.2.conv1,0.271835
40,18,layer3.2.conv2,0.16584
41,0,conv1,0.144788
41,1,layer1.0.conv1,0.115512
41,2,layer1.0.conv2,0.111361
41,3,layer1.1.conv1,0.114711
41,4,layer1.1.conv2,0.105836
41,5,layer1.2.conv1,0.141786
41,6,layer1.2.conv2,0.124742
41,7,layer2.0.conv1,0.15399
41,8,layer2.0.conv2,0.183097
41,9,layer2.1.conv1,0.15885
41,10,layer2.1.conv2,0.147829
41,11,layer2.2.conv1,0.164279
41,12,layer2.2.conv2,0.142209
41,13,layer3.0.conv1,0.224204
41,14,layer3.0.conv2,0.288471
41,15,layer3.1.conv1,0.285813
41,16,layer3.1.conv2,0.264574
41,17,layer3.2.conv1,0.270568
41,18,layer3.2.conv2,0.166868
42,0,conv1,0.149829
42,1,layer1.0.conv1,0.114765
42,2,layer1.0.conv2,0.112137
42,3,layer1.1.conv1,0.115135
42,4,layer1.1.conv2,0.108179
42,5,layer1.2.conv1,0.134387
42,6,layer1.2.conv2,0.121131
42,7,layer2.0.conv1,0.147217
42,8,layer2.0.conv2,0.174078
42,9,layer2.1.conv1,0.156261
42,10,layer2.1.conv2,0.142474
42,11,layer2.2.conv1,0.158816
42,12,layer2.2.conv2,0.140881
42,13,layer3.0.conv1,0.214718
42,14,layer3.0.conv2,0.281458
42,15,layer3.1.conv1,0.283731
42,16,layer3.1.conv2,0.255657
42,17,layer3.2.conv1,0.2613
42,18,layer3.2.conv2,0.154978
43,0,conv1,0.153509
43,1,layer1.0.conv1,0.119119
43,2,layer1.0.conv2,0.118709
43,3,layer1.1.conv1,0.122923
43,4,layer1.1.conv2,0.112196
43,5,layer1.2.conv1,0.146658
43,6,layer1.2.conv2,0.128518
43,7,layer2.0.conv1,0.15683
43,8,layer2.0.conv2,0.184627
43,9,layer2.1.conv1,0.161299
43,10,layer2.1.conv2,0.144228
43,11,layer2.2.conv1,0.17031
43,12,layer2.2.conv2,0.148445
43,13,layer3.0.conv1,0.224879
43,14,layer3.0.conv2,0.291633
43,15,layer3.1.conv1,0.292687
43,16,layer3.1.conv2,0.269018
43,17,layer3.2.conv1,0.275062
43,18,layer3.2.conv2,0.167293
44,0,conv1,0.140938
44,1,layer1.0.conv1,0.110352
44,2,layer1.0.conv2,0.110898
44,3,layer1.1.conv1,0.10967
44,4,layer1.1.conv2,0.104852
44,5,layer1.2.conv1,0.134632
44,6,layer1.2.conv2,0.11671
44,7,layer2.0.conv1,0.144736
44,8,layer2.0.conv2,0.172487
44,9,layer2.1.conv1,0.151617
44,10,layer2.1.conv2,0.136182
44,11,layer2.2.conv1,0.153215
44,12,layer2.2.conv2,0.134265
44,13,layer3.0.conv1,0.208047
44,14,layer3.0.conv2,0.267316
44,15,layer3.1.conv1,0.267617
44,16,layer3.1.conv2,0.246925
44,17,layer3.2.conv1,0.257284
44,18,layer3.2.conv2,0.159552
45,0,conv1,0.162628
45,1,layer1.0.conv1,0.12264
45,2,layer1.0.conv2,0.116002
45,3,layer1.1.conv1,0.118978
45,4,layer1.1.conv2,0.113315
45,5,layer1.2.conv1,0.149879
45,6,layer1.2.conv2,0.12576
45,7,layer2.0.conv1,0.156738
45,8,layer2.0.conv2,0.184498
45,9,layer2.1.conv1,0.164788
45,10,layer2.1.conv2,0.14548
45,11,layer2.2.conv1,0.168708
45,12,layer2.2.conv2,0.147077
45,13,layer3.0.conv1,0.221644
45,14,layer3.0.conv2,0.287775
45,15,layer3.1.conv1,0.287997
45,16,layer3.1.conv2,0.261089
45,17,layer3.2.conv1,0.266775
45,18,layer3.2.conv2,0.161561
46,0,conv1,0.168423
46,1,layer1.0.conv1,0.133519
46,2,layer1.0.conv2,0.126365
46,3,layer1.1.conv1,0.126109
46,4,layer1.1.conv2,0.119547
46,5,layer1.2.conv1,0.148416
46,6,layer1.2.conv2,0.137018
46,7,layer2.0.conv1,0.164731
46,8,layer2.0.conv2,0.193869
46,9,layer2.1.conv1,0.172677
46,10,layer2.1.conv2,0.156093
46,11,layer2.2.conv1,0.180228
46,12,layer2.2.conv2,0.154138
46,13,layer3.0.conv1,0.233611
46,14,layer3.0.conv2,0.299248
46,15,layer3.1.conv1,0.30687
46,16,layer3.1.conv2,0.277011
46,17,layer3.2.conv1,0.281239
46,18,layer3.2.conv2,0.168749
47,0,conv1,0.159796
47,1,layer1.0.conv1,0.120368
47,2,layer1.0.conv2,0.120299
47,3,layer1.1.conv1,0.116858
47,4,layer1.1.conv2,0.11091
47,5,layer1.2.conv1,0.137597
47,6,layer1.2.conv2,0.124537
47,7,layer2.0.conv1,0.15686
47,8,layer2.0.conv2,0.183938
47,9,layer2.1.conv1,0.159141
47,10,layer2.1.conv2,0.14826
47,11,layer2.2.conv1,0.166001
47,12,layer2.2.conv2,0.145963
47,13,layer3.0.conv1,0.222501
47,14,layer3.0.conv2,0.29255
47,15,layer3.1.conv1,0.294799
47,16,layer3.1.conv2,0.26784
47,17,layer3.2.conv1,0.275724
47,18,layer3.2.conv2,0.165536
48,0,conv1,0.139308
48,1,layer1.0.conv1,0.111919
48,2,layer1.0.conv2,0.111431
48,3,layer1.1.conv1,0.109025
48,4,layer1.1.conv2,0.10383
48,5,layer1.2.conv1,0.127644
48,6,layer1.2.conv2,0.118976
48,7,layer2.0.conv1,0.144605
48,8,layer2.0.conv2,0.172165
48,9,layer2.1.conv1,0.149708
48,10,layer2.1.conv2,0.13399
48,11,layer2.2.conv1,0.151609
48,12,layer2.2.conv2,0.134619
48,13,layer3.0.conv1,0.207175
48,14,layer3.0.conv2,0.26686
48,15,layer3.1.conv1,0.267371
48,16,layer3.1.conv2,0.239285
48,17,layer3.2.conv1,0.250778
48,18,layer3.2.conv2,0.153729
49,0,conv1,0.15391
49,1,layer1.0.conv1,0.119182
49,2,layer1.0.conv2,0.117897
49,3,layer1.1.conv1,0.12169
49,4,layer1.1.conv2,0.109835
49,5,layer1.2.conv1,0.144682
49,6,layer1.2.conv2,0.122543
49,7,layer2.0.conv1,0.152336
49,8,layer2.0.conv2,0.17846
49,9,layer2.1.conv1,0.156973
49,10,layer2.1.conv2,0.147231
49,11,layer2.2.conv1,0.164684
49,12,layer2.2.conv2,0.1409
49,13,layer3.0.conv1,0.215154
49,14,layer3.0.conv2,0.281925
49,15,layer3.1.conv1,0.280453
49,16,layer3.1.conv2,0.25834
49,17,layer3.2.conv1,0.26839
49,18,layer3.2.conv2,0.163709
50,0,conv1,0.163025
50,1,layer1.0.conv1,0.126579
50,2,layer1.0.conv2,0.129129
50,3,layer1.1.conv1,0.132083
50,4,layer1.1.conv2,0.122459
50,5,layer1.2.conv1,0.149416
50,6,layer1.2.conv2,0.134733
50,7,layer2.0.conv1,0.168348
50,8,layer2.0.conv2,0.199467
50,9,layer2.1.conv1,0.175047
50,10,layer2.1.conv2,0.160765
50,11,layer2.2.conv1,0.179465
50,12,layer2.2.conv2,0.160848
50,13,layer3.0.conv1,0.243392
50,14,layer3.0.conv2,0.317144
50,15,layer3.1.conv1,0.315055
50,16,layer3.1.conv2,0.292906
50,17,layer3.2.conv1,0.30738
50,18,layer3.2.conv2,0.185776
51,0,conv1,0.162667
51,1,layer1.0.conv1,0.125378
51,2,layer1.0.conv2,0.12575
51,3,layer1.1.conv1,0.121097
51,4,layer1.1.conv2,0.116254
51,5,layer1.2.conv1,0.145855
51,6,layer1.2.conv2,0.134917
51,7,layer2.0.conv1,0.163694
51,8,layer2.0.conv2,0.194997
51,9,layer2.1.conv1,0.178494
51,10,layer2.1.conv2,0.163281
51,11,layer2.2.conv1,0.179385
51,12,layer2.2.conv2,0.158198
51,13,layer3.0.conv1,0.238561
51,14,layer3.0.conv2,0.312445
51,15,layer3.1.conv1,0.317631
51,16,layer3.1.conv2,0.288351
51,17,layer3.2.conv1,0.298029
51,18,layer3.2.conv2,0.179603
52,0,conv1,0.140145
52,1,layer1.0.conv1,0.115105
52,2,layer1.0.conv2,0.112781
52,3,layer1.1.conv1,0.116238
52,4,layer1.1.conv2,0.106891
52,5,layer1.2.conv1,0.134711
52,6,layer1.2.conv2,0.113945
52,7,layer2.0.conv1,0.14481
52,8,layer2.0.conv2,0.172446
52,9,layer2.1.conv1,0.154715
52,10,layer2.1.conv2,0.139726
52,11,layer2.2.conv1,0.161562
52,12,layer2.2.conv2,0.141921
52,13,layer3.0.conv1,0.211613
52,14,layer3.0.conv2,0.27618
52,15,layer3.1.conv1,0.276928
52,16,layer3.1.conv2,0.258071
52,17,layer3.2.conv1,0.266648
52,18,layer3.2.conv2,0.159801
53,0,conv1,0.155531
53,1,layer1.0.conv1,0.120727
53,2,layer1.0.conv2,0.119345
53,3,layer1.1.conv1,0.112997
53,4,layer1.1.conv2,0.109541
53,5,layer1.2.conv1,0.141386
53,6,layer1.2.conv2,0.124257
53,7,layer2.0.conv1,0.155549
53,8,layer2.0.conv2,0.181879
53,9,layer2.1.conv1,0.160561
53,10,layer2.1.conv2,0.144875
53,11,layer2.2.conv1,0.165974
53,12,layer2.2.conv2,0.148767
53,13,layer3.0.conv1,0.220262
53,14,layer3.0.conv2,0.286609
53,15,layer3.1.conv1,0.287613
53,16,layer3.1.conv2,0.267646
53,17,layer3.2.conv1,0.269507
53,18,layer3.2.conv2,0.158639
54,0,conv1,0.173153
54,1,layer1.0.conv1,0.13155
54,2,layer1.0.conv2,0.125286
54,3,layer1.1.conv1,0.124996
54,4,layer1.1.conv2,0.121039
54,5,layer1.2.conv1,0.150606
54,6,layer1.2.conv2,0.129698
54,7,layer2.0.conv1,0.164914
54,8,layer2.0.conv2,0.192185
54,9,layer2.1.conv1,0.1717
54,10,layer2.1.conv2,0.154566
54,11,layer2.2.conv1,0.176588
54,12,layer2.2.conv2,0.155114
54,13,layer3.0.conv1,0.236602
54,14,layer3.0.conv2,0.305074
54,15,layer3.1.conv1,0.310468
54,16,layer3.1.conv2,0.289237
54,17,layer3.2.conv1,0.291924
54,18,layer3.2.conv2,0.17695
55,0,conv1,0.156006
55,1,layer1.0.conv1,0.12683
55,2,layer1.0.conv2,0.121038
55,3,layer1.1.conv1,0.122986
55,4,layer1.1.conv2,0.119825
55,5,layer1.2.conv1,0.149847
55,6,layer1.2.conv2,0.128818
55,7,layer2.0.conv1,0.157358
55,8,layer2.0.conv2,0.185313
55,9,layer2.1.conv1,0.170561
55,10,layer2.1.conv2,0.156255
55,11,layer2.2.conv1,0.17588
55,12,layer2.2.conv2,0.151838
55,13,layer3.0.conv1,0.22925
55,14,layer3.0.conv2,0.298154
55,15,layer3.1.conv1,0.300707
55,16,layer3.1.conv2,0.275383
55,17,layer3.2.conv1,0.285184
55,18,layer3.2.conv2,0.170163
56,0,conv1,0.174253
56,1,layer1.0.conv1,0.131074
56,2,layer1.0.conv2,0.12798
56,3,layer1.1.conv1,0.13322
56,4,layer1.1.conv2,0.122082
56,5,layer1.2.conv1,0.156439
56,6,layer1.2.conv2,0.134689
56,7,layer2.0.conv1,0.16862
56,8,layer2.0.conv2,0.196494
56,9,layer2.1.conv1,0.175947
56,10,layer2.1.conv2,0.160392
56,11,layer2.2.conv1,0.17759
56,12,layer2.2.conv2,0.154706
56,13,layer3.0.conv1,0.237763
56,14,layer3.0.conv2,0.308183
56,15,layer3.1.conv1,0.315189
56,16,layer3.1.conv2,0.289315
56,17,layer3.2.conv1,0.299573
56,18,layer3.2.conv2,0.174419
57,0,conv1,0.134709
57,1,layer1.0.conv1,0.109849
57,2,layer1.0.conv2,0.108394
57,3,layer1.1.conv1,0.104191
57,4,layer1.1.conv2,0.100318
57,5,layer1.2.conv1,0.129809
57,6,layer1.2.conv2,0.113804
57,7,layer2.0.conv1,0.145249
57,8,layer2.0.conv2,0.168653
57,9,layer2.1.conv1,0.151018
57,10,layer2.1.conv2,0.137048
57,11,layer2.2.conv1,0.153934
57,12,layer2.2.conv2,0.132881
57,13,layer3.0.conv1,0.208785
57,14,layer3.0.conv2,0.269264
57,15,layer3.1.conv1,0.269025
57,16,layer3.1.conv2,0.247307
57,17,layer3.2.conv1,0.261181
57,18,layer3.2.conv2,0.157877
58,0,conv1,0.127846
58,1,layer1.0.conv1,0.118191
58,2,layer1.0.conv2,0.112214
58,3,layer1.1.conv1,0.109297
58,4,layer1.1.conv2,0.102105
58,5,layer1.2.conv1,0.135681
58,6,layer1.2.conv2,0.115338
58,7,layer2.0.conv1,0.146748
58,8,layer2.0.conv2,0.174444
58,9,layer2.1.conv1,0.159021
58,10,layer2.1.conv2,0.142846
58,11,layer2.2.conv1,0.156267
58,12,layer2.2.conv2,0.136147
58,13,layer3.0.conv1,0.212832
58,14,layer3.0.conv2,0.277406
58,15,layer3.1.conv1,0.280041
58,16,layer3.1.conv2,0.255617
58,17,layer3.2.conv1,0.271614
58,18,layer3.2.conv2,0.159676
59,0,conv1,0.155053
59,1,layer1.0.conv1,0.128026
59,2,layer1.0.conv2,0.120314
59,3,layer1.1.conv1,0.12332
59,4,layer1.1.conv2,0.115439
59,5,layer1.2.conv1,0.147203
59,6,layer1.2.conv2,0.121677
59,7,layer2.0.conv1,0.158584
59,8,layer2.0.conv2,0.186943
59,9,layer2.1.conv1,0.16536
59,10,layer2.1.conv2,0.152585
59,11,layer2.2.conv1,0.171573
59,12,layer2.2.conv2,0.147909
59,13,layer3.0.conv1,0.227786
59,14,layer3.0.conv2,0.2951
59,15,layer3.1.conv1,0.292028
59,16,layer3.1.conv2,0.269703
59,17,layer3.2.conv1,0.279823
59,18,layer3.2.conv2,0.169243
60,0,conv1,0.149713
60,1,layer1.0.conv1,0.124454
60,2,layer1.0.conv2,0.121951
60,3,layer1.1.conv1,0.122714
60,4,layer1.1.conv2,0.117191
60,5,layer1.2.conv1,0.149623
60,6,layer1.2.conv2,0.126779
60,7,layer2.0.conv1,0.16171
60,8,layer2.0.conv2,0.189226
60,9,layer2.1.conv1,0.168781
60,10,layer2.1.conv2,0.152213
60,11,layer2.2.conv1,0.174403
60,12,layer2.2.conv2,0.151814
60,13,layer3.0.conv1,0.230622
60,14,layer3.0.conv2,0.299691
60,15,layer3.1.conv1,0.298048
60,16,layer3.1.conv2,0.272639
60,17,layer3.2.conv1,0.283532
60,18,layer3.2.conv2,0.168253
61,0,conv1,0.166094
61,1,layer1.0.conv1,0.127012
61,2,layer1.0.conv2,0.125777
61,3,layer1.1.conv1,0.120631
61,4,layer1.1.conv2,0.115361
61,5,layer1.2.conv1,0.145948
61,6,layer1.2.conv2,0.129935
61,7,layer2.0.conv1,0.162116
61,8,layer2.0.conv2,0.196172
61,9,layer2.1.conv1,0.174003
61,10,layer2.1.conv2,0.157803
61,11,layer2.2.conv1,0.176244
61,12,layer2.2.conv2,0.153929
61,13,layer3.0.conv1,0.238546
61,14,layer3.0.conv2,0.306189
61,15,layer3.1.conv1,0.309057
61,16,layer3.1.conv2,0.277751
61,17,layer3.2.conv1,0.286046
61,18,layer3.2.conv2,0.172952
62,0,conv1,0.157991
62,1,layer1.0.conv1,0.125076
62,2,layer1.0.conv2,0.120619
62,3,layer1.1.conv1,0.113615
62,4,layer1.1.conv2,0.107474
62,5,layer1.2.conv1,0.144223
62,6,layer1.2.conv2,0.123092
62,7,layer2.0.conv1,0.152661
62,8,layer2.0.conv2,0.178066
62,9,layer2.1.conv1,0.159418
62,10,layer2.1.conv2,0.146719
62,11,layer2.2.conv1,0.16655
62,12,layer2.2.conv2,0.149842
62,13,layer3.0.conv1,0.224512
62,14,layer3.0.conv2,0.287725
62,15,layer3.1.conv1,0.291287
62,16,layer3.1.conv2,0.265122
62,17,layer3.2.conv1,0.27652
62,18,layer3.2.conv2,0.16504
63,0,conv1,0.145473
63,1,layer1.0.conv1,0.124448
63,2,layer1.0.conv2,0.120518
63,3,layer1.1.conv1,0.118166
63,4,layer1.1.conv2,0.114484
63,5,layer1.2.conv1,0.145613
63,6,layer1.2.conv2,0.128784
63,7,layer2.0.conv1,0.157418
63,8,layer2.0.conv2,0.187378
63,9,layer2.1.conv1,0.166381
63,10,layer2.1.conv2,0.152752
63,11,layer2.2.conv1,0.181963
63,12,layer2.2.conv2,0.158027
63,13,layer3.0.conv1,0.236155
63,14,layer3.0.conv2,0.305642
63,15,layer3.1.conv1,0.308936
63,16,layer3.1.conv2,0.282531
63,17,layer3.2.conv1,0.287008
63,18,layer3.2.conv2,0.166287
64,0,conv1,0.150667
64,1,layer1.0.conv1,0.115999
64,2,layer1.0.conv2,0.116471
64,3,layer1.1.conv1,0.113833
64,4,layer1.1.conv2,0.105691
64,5,layer1.2.conv1,0.136434
64,6,layer1.2.conv2,0.118867
64,7,layer2.0.conv1,0.145624
64,8,layer2.0.conv2,0.175043
64,9,layer2.1.conv1,0.157822
64,10,layer2.1.conv2,0.143506
64,11,layer2.2.conv1,0.16077
64,12,layer2.2.conv2,0.138544
64,13,layer3.0.conv1,0.215927
64,14,layer3.0.conv2,0.281179
64,15,layer3.1.conv1,0.282039
64,16,layer3.1.conv2,0.261323
64,17,layer3.2.conv1,0.271499
64,18,layer3.2.conv2,0.159453
65,0,conv1,0.143923
65,1,layer1.0.conv1,0.121116
65,2,layer1.0.conv2,0.120478
65,3,layer1.1.conv1,0.116097
65,4,layer1.1.conv2,0.109536
65,5,layer1.2.conv1,0.144226
65,6,layer1.2.conv2,0.126981
65,7,layer2.0.conv1,0.1577
65,8,layer2.0.conv2,0.18273
65,9,layer2.1.conv1,0.160904
65,10,layer2.1.conv2,0.147129
65,11,layer2.2.conv1,0.165302
65,12,layer2.2.conv2,0.145095
65,13,layer3.0.conv1,0.222823
65,14,layer3.0.conv2,0.286351
65,15,layer3.1.conv1,0.294781
65,16,layer3.1.conv2,0.264955
65,17,layer3.2.conv1,0.275599
65,18,layer3.2.conv2,0.165066
66,0,conv1,0.154163
66,1,layer1.0.conv1,0.124515
66,2,layer1.0.conv2,0.120293
66,3,layer1.1.conv1,0.117154
66,4,layer1.1.conv2,0.110353
66,5,layer1.2.conv1,0.143976
66,6,layer1.2.conv2,0.124867
66,7,layer2.0.conv1,0.158744
66,8,layer2.0.conv2,0.184847
66,9,layer2.1.conv1,0.166984
66,10,layer2.1.conv2,0.150595
66,11,layer2.2.conv1,0.171076
66,12,layer2.2.conv2,0.14863
66,13,layer3.0.conv1,0.226741
66,14,layer3.0.conv2,0.293872
66,15,layer3.1.conv1,0.29735
66,16,layer3.1.conv2,0.274869
66,17,layer3.2.conv1,0.291402
66,18,layer3.2.conv2,0.173203
67,0,conv1,0.153795
67,1,layer1.0.conv1,0.124232
67,2,layer1.0.conv2,0.117239
67,3,layer1.1.conv1,0.115895
67,4,layer1.1.conv2,0.11145
67,5,layer1.2.conv1,0.139828
67,6,layer1.2.conv2,0.123191
67,7,layer2.0.conv1,0.157496
67,8,layer2.0.conv2,0.1827
67,9,layer2.1.conv1,0.155788
67,10,layer2.1.conv2,0.14531
67,11,layer2.2.conv1,0.170011
67,12,layer2.2.conv2,0.147347
67,13,layer3.0.conv1,0.21828
67,14,layer3.0.conv2,0.285089
67,15,layer3.1.conv1,0.287542
67,16,layer3.1.conv2,0.263405
67,17,layer3.2.conv1,0.279738
67,18,layer3.2.conv2,0.164123
68,0,conv1,0.144082
68,1,layer1.0.conv1,0.118727
68,2,layer1.0.conv2,0.116028
68,3,layer1.1.conv1,0.11397
68,4,layer1.1.conv2,0.109879
68,5,layer1.2.conv1,0.140893
68,6,layer1.2.conv2,0.124564
68,7,layer2.0.conv1,0.154535
68,8,layer2.0.conv2,0.181731
68,9,layer2.1.conv1,0.16062
68,10,layer2.1.conv2,0.146752
68,11,layer2.2.conv1,0.171434
68,12,layer2.2.conv2,0.150354
68,13,layer3.0.conv1,0.222567
68,14,layer3.0.conv2,0.2911
68,15,layer3.1.conv1,0.290974
68,16,layer3.1.conv2,0.267594
68,17,layer3.2.conv1,0.278317
68,18,layer3.2.conv2,0.165109
69,0,conv1,0.1558
69,1,layer1.0.conv1,0.122463
69,2,layer1.0.conv2,0.115601
69,3,layer1.1.conv1,0.122484
69,4,layer1.1.conv2,0.119972
69,5,layer1.2.conv1,0.147784
69,6,layer1.2.conv2,0.125201
69,7,layer2.0.conv1,0.15787
69,8,layer2.0.conv2,0.185325
69,9,layer2.1.conv1,0.166267
69,10,layer2.1.conv2,0.148551
69,11,layer2.2.conv1,0.172339
69,12,layer2.2.conv2,0.151711
69,13,layer3.0.conv1,0.224871
69,14,layer3.0.conv2,0.299319
69,15,layer3.1.conv1,0.307724
69,16,layer3.1.conv2,0.278505
69,17,layer3.2.conv1,0.28422
69,18,layer3.2.conv2,0.168718
70,0,conv1,0.15416
70,1,layer1.0.conv1,0.123985
70,2,layer1.0.conv2,0.120278
70,3,layer1.1.conv1,0.120891
70,4,layer1.1.conv2,0.117629
70,5,layer1.2.conv1,0.149384
70,6,layer1.2.conv2,0.12985
70,7,layer2.0.conv1,0.165657
70,8,layer2.0.conv2,0.191992
70,9,layer2.1.conv1,0.168593
70,10,layer2.1.conv2,0.150761
70,11,layer2.2.conv1,0.175028
70,12,layer2.2.conv2,0.153856
70,13,layer3.0.conv1,0.22958
70,14,layer3.0.conv2,0.299415
70,15,layer3.1.conv1,0.300218
70,16,layer3.1.conv2,0.277575
70,17,layer3.2.conv1,0.28723
70,18,layer3.2.conv2,0.168998
71,0,conv1,0.160057
71,1,layer1.0.conv1,0.126131
71,2,layer1.0.conv2,0.126821
71,3,layer1.1.conv1,0.126853
71,4,layer1.1.conv2,0.119648
71,5,layer1.2.conv1,0.151888
71,6,layer1.2.conv2,0.128211
71,7,layer2.0.conv1,0.163623
71,8,layer2.0.conv2,0.194505
71,9,layer2.1.conv1,0.167796
71,10,layer2.1.conv2,0.153238
71,11,layer2.2.conv1,0.178696
71,12,layer2.2.conv2,0.156944
71,13,layer3.0.conv1,0.235225
71,14,layer3.0.conv2,0.304035
71,15,layer3.1.conv1,0.303991
71,16,layer3.1.conv2,0.281338
71,17,layer3.2.conv1,0.293902
71,18,layer3.2.conv2,0.17119
72,0,conv1,0.145263
72,1,layer1.0.conv1,0.127666
72,2,layer1.0.conv2,0.126274
72,3,layer1.1.conv1,0.124815
72,4,layer1.1.conv2,0.118543
72,5,layer1.2.conv1,0.153273
72,6,layer1.2.conv2,0.132282
72,7,layer2.0.conv1,0.167443
72,8,layer2.0.conv2,0.195278
72,9,layer2.1.conv1,0.176488
72,10,layer2.1.conv2,0.156897
72,11,layer2.2.conv1,0.183053
72,12,layer2.2.conv2,0.158172
72,13,layer3.0.conv1,0.239114
72,14,layer3.0.conv2,0.313074
72,15,layer3.1.conv1,0.313126
72,16,layer3.1.conv2,0.291279
72,17,layer3.2.conv1,0.304459
72,18,layer3.2.conv2,0.176999
73,0,conv1,0.147231
73,1,layer1.0.conv1,0.12058
73,2,layer1.0.conv2,0.121811
73,3,layer1.1.conv1,0.122296
73,4,layer1.1.conv2,0.116723
73,5,layer1.2.conv1,0.149095
73,6,layer1.2.conv2,0.131154
73,7,layer2.0.conv1,0.158809
73,8,layer2.0.conv2,0.187609
73,9,layer2.1.conv1,0.17242
73,10,layer2.1.conv2,0.152758
73,11,layer2.2.conv1,0.173807
73,12,layer2.2.conv2,0.157009
73,13,layer3.0.conv1,0.234176
73,14,layer3.0.conv2,0.298635
73,15,layer3.1.conv1,0.29846
73,16,layer3.1.conv2,0.271577
73,17,layer3.2.conv1,0.288709
73,18,layer3.2.conv2,0.169426
74,0,conv1,0.15988
74,1,layer1.0.conv1,0.121616
74,2,layer1.0.conv2,0.119279
74,3,layer1.1.conv1,0.122772
74,4,layer1.1.conv2,0.113538
74,5,layer1.2.conv1,0.140716
74,6,layer1.2.conv2,0.128663
74,7,layer2.0.conv1,0.160082
74,8,layer2.0.conv2,0.186941
74,9,layer2.1.conv1,0.171297
74,10,layer2.1.conv2,0.156773
74,11,layer2.2.conv1,0.179683
74,12,layer2.2.conv2,0.160899
74,13,layer3.0.conv1,0.234622
74,14,layer3.0.conv2,0.305041
74,15,layer3.1.conv1,0.305197
74,16,layer3.1.conv2,0.283755
74,17,layer3.2.conv1,0.296249
74,18,layer3.2.conv2,0.176421
75,0,conv1,0.17163
75,1,layer1.0.conv1,0.127155
75,2,layer1.0.conv2,0.129807
75,3,layer1.1.conv1,0.126709
75,4,layer1.1.conv2,0.1221
75,5,layer1.2.conv1,0.149911
75,6,layer1.2.conv2,0.131087
75,7,layer2.0.conv1,0.16316
75,8,layer2.0.conv2,0.195513
75,9,layer2.1.conv1,0.171877
75,10,layer2.1.conv2,0.158424
75,11,layer2.2.conv1,0.18826
75,12,layer2.2.conv2,0.162103
75,13,layer3.0.conv1,0.243493
75,14,layer3.0.conv2,0.311925
75,15,layer3.1.conv1,0.317753
75,16,layer3.1.conv2,0.291357
75,17,layer3.2.conv1,0.301778
75,18,layer3.2.conv2,0.173042
76,0,conv1,0.147478
76,1,layer1.0.conv1,0.117237
76,2,layer1.0.conv2,0.115687
76,3,layer1.1.conv1,0.114497
76,4,layer1.1.conv2,0.112429
76,5,layer1.2.conv1,0.143478
76,6,layer1.2.conv2,0.120863
76,7,layer2.0.conv1,0.15046
76,8,layer2.0.conv2,0.180067
76,9,layer2.1.conv1,0.160233
76,10,layer2.1.conv2,0.144771
76,11,layer2.2.conv1,0.166853
76,12,layer2.2.conv2,0.147402
76,13,layer3.0.conv1,0.222737
76,14,layer3.0.conv2,0.288424
76,15,layer3.1.conv1,0.294478
76,16,layer3.1.conv2,0.268074
76,17,layer3.2.conv1,0.281801
76,18,layer3.2.conv2,0.15807
77,0,conv1,0.145784
77,1,layer1.0.conv1,0.125829
77,2,layer1.0.conv2,0.123401
77,3,layer1.1.conv1,0.118431
77,4,layer1.1.conv2,0.113676
77,5,layer1.2.conv1,0.149389
77,6,layer1.2.conv2,0.127849
77,7,layer2.0.conv1,0.157898
77,8,layer2.0.conv2,0.186743
77,9,layer2.1.conv1,0.166064
77,10,layer2.1.conv2,0.151166
77,11,layer2.2.conv1,0.173326
77,12,layer2.2.conv2,0.149454
77,13,layer3.0.conv1,0.226502
77,14,layer3.0.conv2,0.297226
77,15,layer3.1.conv1,0.297998
77,16,layer3.1.conv2,0.274735
77,17,layer3.2.conv1,0.291663
77,18,layer3.2.conv2,0.172196
78,0,conv1,0.159088
78,1,layer1.0.conv1,0.129706
78,2,layer1.0.conv2,0.123944
78,3,layer1.1.conv1,0.121201
78,4,layer1.1.conv2,0.113099
78,5,layer1.2.conv1,0.152359
78,6,layer1.2.conv2,0.132662
78,7,layer2.0.conv1,0.164559
78,8,layer2.0.conv2,0.194449
78,9,layer2.1.conv1,0.169384
78,10,layer2.1.conv2,0.155454
78,11,layer2.2.conv1,0.181388
78,12,layer2.2.conv2,0.156555
78,13,layer3.0.conv1,0.23353
78,14,layer3.0.conv2,0.303394
78,15,layer3.1.conv1,0.30031
78,16,layer3.1.conv2,0.279577
78,17,layer3.2.conv1,0.294343
78,18,layer3.2.conv2,0.17171
79,0,conv1,0.159129
79,1,layer1.0.conv1,0.126214
79,2,layer1.0.conv2,0.121318
79,3,layer1.1.conv1,0.117272
79,4,layer1.1.conv2,0.112003
79,5,layer1.2.conv1,0.148762
79,6,layer1.2.conv2,0.128857
79,7,layer2.0.conv1,0.161785
79,8,layer2.0.conv2,0.191771
79,9,layer2.1.conv1,0.177225
79,10,layer2.1.conv2,0.155003
79,11,layer2.2.conv1,0.175671
79,12,layer2.2.conv2,0.152426
79,13,layer3.0.conv1,0.228559
79,14,layer3.0.conv2,0.296865
79,15,layer3.1.conv1,0.299963
79,16,layer3.1.conv2,0.278246
79,17,layer3.2.conv1,0.294745
79,18,layer3.2.conv2,0.17668
80,0,conv1,0.153522
80,1,layer1.0.conv1,0.120307
80,2,layer1.0.conv2,0.119848
80,3,layer1.1.conv1,0.119981
80,4,layer1.1.conv2,0.113716
80,5,layer1.2.conv1,0.142676
80,6,layer1.2.conv2,0.121813
80,7,layer2.0.conv1,0.155761
80,8,layer2.0.conv2,0.187668
80,9,layer2.1.conv1,0.170081
80,10,layer2.1.conv2,0.15064
80,11,layer2.2.conv1,0.173693
80,12,layer2.2.conv2,0.154664
80,13,layer3.0.conv1,0.230505
80,14,layer3.0.conv2,0.297881
80,15,layer3.1.conv1,0.298403
80,16,layer3.1.conv2,0.275188
80,17,layer3.2.conv1,0.280921
80,18,layer3.2.conv2,0.166139
81,0,conv1,0.163259
81,1,layer1.0.conv1,0.130179
81,2,layer1.0.conv2,0.128198
81,3,layer1.1.conv1,0.120059
81,4,layer1.1.conv2,0.116587
81,5,layer1.2.conv1,0.148959
81,6,layer1.2.conv2,0.129937
81,7,layer2.0.conv1,0.163879
81,8,layer2.0.conv2,0.193857
81,9,layer2.1.conv1,0.173375
81,10,layer2.1.conv2,0.155498
81,11,layer2.2.conv1,0.181896
81,12,layer2.2.conv2,0.154832
81,13,layer3.0.conv1,0.236317
81,14,layer3.0.conv2,0.30672
81,15,layer3.1.conv1,0.311952
81,16,layer3.1.conv2,0.288337
81,17,layer3.2.conv1,0.300001
81,18,layer3.2.conv2,0.172709
82,0,conv1,0.152879
82,1,layer1.0.conv1,0.122627
82,2,layer1.0.conv2,0.122415
82,3,layer1.1.conv1,0.117282
82,4,layer1.1.conv2,0.113778
82,5,layer1.2.conv1,0.145819
82,6,layer1.2.conv2,0.128609
82,7,layer2.0.conv1,0.158689
82,8,layer2.0.conv2,0.188424
82,9,layer2.1.conv1,0.169591
82,10,layer2.1.conv2,0.151673
82,11,layer2.2.conv1,0.175675
82,12,layer2.2.conv2,0.156025
82,13,layer3.0.conv1,0.234269
82,14,layer3.0.conv2,0.302004
82,15,layer3.1.conv1,0.301351
82,16,layer3.1.conv2,0.27616
82,17,layer3.2.conv1,0.293268
82,18,layer3.2.conv2,0.167696
83,0,conv1,0.106052
83,1,layer1.0.conv1,0.0902569
83,2,layer1.0.conv2,0.0868339
83,3,layer1.1.conv1,0.0840976
83,4,layer1.1.conv2,0.0811684
83,5,layer1.2.conv1,0.110399
83,6,layer1.2.conv2,0.0947026
83,7,layer2.0.conv1,0.11841
83,8,layer2.0.conv2,0.141983
83,9,layer2.1.conv1,0.129706
83,10,layer2.1.conv2,0.117213
83,11,layer2.2.conv1,0.131931
83,12,layer2.2.conv2,0.116771
83,13,layer3.0.conv1,0.173719
83,14,layer3.0.conv2,0.224994
83,15,layer3.1.conv1,0.229774
83,16,layer3.1.conv2,0.211475
83,17,layer3.2.conv1,0.222899
83,18,layer3.2.conv2,0.127713
84,0,conv1,0.108833
84,1,layer1.0.conv1,0.0910019
84,2,layer1.0.conv2,0.0893776
84,3,layer1.1.conv1,0.0874874
84,4,layer1.1.conv2,0.0827381
84,5,layer1.2.conv1,0.106062
84,6,layer1.2.conv2,0.0941198
84,7,layer2.0.conv1,0.11896
84,8,layer2.0.conv2,0.142836
84,9,layer2.1.conv1,0.127749
84,10,layer2.1.conv2,0.114404
84,11,layer2.2.conv1,0.130511
84,12,layer2.2.conv2,0.113923
84,13,layer3.0.conv1,0.173456
84,14,layer3.0.conv2,0.226253
84,15,layer3.1.conv1,0.230987
84,16,layer3.1.conv2,0.211537
84,17,layer3.2.conv1,0.220479
84,18,layer3.2.conv2,0.123729
85,0,conv1,0.106368
85,1,layer1.0.conv1,0.083991
85,2,layer1.0.conv2,0.0798093
85,3,layer1.1.conv1,0.0804192
85,4,layer1.1.conv2,0.0773545
85,5,layer1.2.conv1,0.0973376
85,6,layer1.2.conv2,0.0880865
85,7,layer2.0.conv1,0.105958
85,8,layer2.0.conv2,0.129064
85,9,layer2.1.conv1,0.117103
85,10,layer2.1.conv2,0.10526
85,11,layer2.2.conv1,0.118926
85,12,layer2.2.conv2,0.105591
85,13,layer3.0.conv1,0.161099
85,14,layer3.0.conv2,0.209539
85,15,layer3.1.conv1,0.21225
85,16,layer3.1.conv2,0.198901
85,17,layer3.2.conv1,0.205866
85,18,layer3.2.conv2,0.112538
86,0,conv1,0.102545
86,1,layer1.0.conv1,0.0825763
86,2,layer1.0.conv2,0.080515
86,3,layer1.1.conv1,0.0771722
86,4,layer1.1.conv2,0.075245
86,5,layer1.2.conv1,0.0981656
86,6,layer1.2.conv2,0.0868273
86,7,layer2.0.conv1,0.107269
86,8,layer2.0.conv2,0.1286
86,9,layer2.1.conv1,0.118226
86,10,layer2.1.conv2,0.106561
86,11,layer2.2.conv1,0.118408
86,12,layer2.2.conv2,0.105626
86,13,layer3.0.conv1,0.15956
86,14,layer3.0.conv2,0.206293
86,15,layer3.1.conv1,0.211306
86,16,layer3.1.conv2,0.1933
86,17,layer3.2.conv1,0.200838
86,18,layer3.2.conv2,0.106664
87,0,conv1,0.123038
87,1,layer1.0.conv1,0.0904959
87,2,layer1.0.conv2,0.0904645
87,3,layer1.1.conv1,0.0856346
87,4,layer1.1.conv2,0.083632
87,5,layer1.2.conv1,0.110232
87,6,layer1.2.conv2,0.0960424
87,7,layer2.0.conv1,0.120115
87,8,layer2.0.conv2,0.146829
87,9,layer2.1.conv1,0.130062
87,10,layer2.1.conv2,0.116429
87,11,layer2.2.conv1,0.139516
87,12,layer2.2.conv2,0.121865
87,13,layer3.0.conv1,0.179722
87,14,layer3.0.conv2,0.2342
87,15,layer3.1.conv1,0.238819
87,16,layer3.1.conv2,0.22038
87,17,layer3.2.conv1,0.22731
87,18,layer3.2.conv2,0.120919
88,0,conv1,0.107982
88,1,layer1.0.conv1,0.0878847
88,2,layer1.0.conv2,0.0878037
88,3,layer1.1.conv1,0.0865298
88,4,layer1.1.conv2,0.0828358
88,5,layer1.2.conv1,0.109575
88,6,layer1.2.conv2,0.0945162
88,7,layer2.0.conv1,0.119393
88,8,layer2.0.conv2,0.144298
88,9,layer2.1.conv1,0.130866
88,10,layer2.1.conv2,0.116765
88,11,layer2.2.conv1,0.136456
88,12,layer2.2.conv2,0.119776
88,13,layer3.0.conv1,0.178967
88,14,layer3.0.conv2,0.233417
88,15,layer3.1.conv1,0.239793
88,16,layer3.1.conv2,0.217278
88,17,layer3.2.conv1,0.225314
88,18,layer3.2.conv2,0.123019
89,0,conv1,0.10479
89,1,layer1.0.conv1,0.0878311
89,2,layer1.0.conv2,0.0877861
89,3,layer1.1.conv1,0.0850594
89,4,layer1.1.conv2,0.079215
89,5,layer1.2.conv1,0.109138
89,6,layer1.2.conv2,0.0932645
89,7,layer2.0.conv1,0.114817
89,8,layer2.0.conv2,0.142056
89,9,layer2.1.conv1,0.132613
89,10,layer2.1.conv2,0.11481
89,11,layer2.2.conv1,0.136757
89,12,layer2.2.conv2,0.121404
89,13,layer3.0.conv1,0.178242
89,14,layer3.0.conv2,0.232097
89,15,layer3.1.conv1,0.240548
89,16,layer3.1.conv2,0.215457
89,17,layer3.2.conv1,0.223396
89,18,layer3.2.conv2,0.117631
90,0,conv1,0.0905169
90,1,layer1.0.conv1,0.0770498
90,2,layer1.0.conv2,0.0747378
90,3,layer1.1.conv1,0.0733932
90,4,layer1.1.conv2,0.0714244
90,5,layer1.2.conv1,0.0910706
90,6,layer1.2.conv2,0.0792822
90,7,layer2.0.conv1,0.100194
90,8,layer2.0.conv2,0.120331
90,9,layer2.1.conv1,0.110935
90,10,layer2.1.conv2,0.100422
90,11,layer2.2.conv1,0.117135
90,12,layer2.2.conv2,0.10044
90,13,layer3.0.conv1,0.149738
90,14,layer3.0.conv2,0.193895
90,15,layer3.1.conv1,0.200726
90,16,layer3.1.conv2,0.18669
90,17,layer3.2.conv1,0.194207
90,18,layer3.2.conv2,0.103256
91,0,conv1,0.109629
91,1,layer1.0.conv1,0.0881447
91,2,layer1.0.conv2,0.0867302
91,3,layer1.1.conv1,0.0845076
91,4,layer1.1.conv2,0.0800533
91,5,layer1.2.conv1,0.105543
91,6,layer1.2.conv2,0.0920757
91,7,layer2.0.conv1,0.116533
91,8,layer2.0.conv2,0.139653
91,9,layer2.1.conv1,0.128944
91,10,layer2.1.conv2,0.115675
91,11,layer2.2.conv1,0.131017
91,12,layer2.2.conv2,0.115616
91,13,layer3.0.conv1,0.17504
91,14,layer3.0.conv2,0.232503
91,15,layer3.1.conv1,0.239277
91,16,layer3.1.conv2,0.219749
91,17,layer3.2.conv1,0.227703
91,18,layer3.2.conv2,0.119819
92,0,conv1,0.103935
92,1,layer1.0.conv1,0.0823391
92,2,layer1.0.conv2,0.0791527
92,3,layer1.1.conv1,0.0799438
92,4,layer1.1.conv2,0.0766553
92,5,layer1.2.conv1,0.104896
92,6,layer1.2.conv2,0.0843753
92,7,layer2.0.conv1,0.108799
92,8,layer2.0.conv2,0.131857
92,9,layer2.1.conv1,0.124619
92,10,layer2.1.conv2,0.11019
92,11,layer2.2.conv1,0.127016
92,12,layer2.2.conv2,0.113936
92,13,layer3.0.conv1,0.16318
92,14,layer3.0.conv2,0.215961
92,15,layer3.1.conv1,0.220682
92,16,layer3.1.conv2,0.201541
92,17,layer3.2.conv1,0.21357
92,18,layer3.2.conv2,0.110837
93,0,conv1,0.0985417
93,1,layer1.0.conv1,0.0822547
93,2,layer1.0.conv2,0.0816537
93,3,layer1.1.conv1,0.0784482
93,4,layer1.1.conv2,0.0740445
93,5,layer1.2.conv1,0.0977383
93,6,layer1.2.conv2,0.0847124
93,7,layer2.0.conv1,0.107729
93,8,layer2.0.conv2,0.129996
93,9,layer2.1.conv1,0.122417
93,10,layer2.1.conv2,0.110038
93,11,layer2.2.conv1,0.127011
93,12,layer2.2.conv2,0.110119
93,13,layer3.0.conv1,0.162509
93,14,layer3.0.conv2,0.214171
93,15,layer3.1.conv1,0.219665
93,16,layer3.1.conv2,0.204437
93,17,layer3.2.conv1,0.211274
93,18,layer3.2.conv2,0.10907
94,0,conv1,0.115974
94,1,layer1.0.conv1,0.100084
94,2,layer1.0.conv2,0.095857
94,3,layer1.1.conv1,0.0964365
94,4,layer1.1.conv2,0.0930081
94,5,layer1.2.conv1,0.114663
94,6,layer1.2.conv2,0.0992599
94,7,layer2.0.conv1,0.125428
94,8,layer2.0.conv2,0.153839
94,9,layer2.1.conv1,0.145919
94,10,layer2.1.conv2,0.130271
94,11,layer2.2.conv1,0.152498
94,12,layer2.2.conv2,0.130026
94,13,layer3.0.conv1,0.190688
94,14,layer3.0.conv2,0.251855
94,15,layer3.1.conv1,0.259442
94,16,layer3.1.conv2,0.242709
94,17,layer3.2.conv1,0.251125
94,18,layer3.2.conv2,0.129081
95,0,conv1,0.122726
95,1,layer1.0.conv1,0.0927096
95,2,layer1.0.conv2,0.0898512
95,3,layer1.1.conv1,0.0850461
95,4,layer1.1.conv2,0.0826392
95,5,layer1.2.conv1,0.106986
95,6,layer1.2.conv2,0.0923505
95,7,layer2.0.conv1,0.116838
95,8,layer2.0.conv2,0.142626
95,9,layer2.1.conv1,0.131959
95,10,layer2.1.conv2,0.120171
95,11,layer2.2.conv1,0.137604
95,12,layer2.2.conv2,0.120981
95,13,layer3.0.conv1,0.177873
95,14,layer3.0.conv2,0.235581
95,15,layer3.1.conv1,0.240499
95,16,layer3.1.conv2,0.222068
95,17,layer3.2.conv1,0.235692
95,18,layer3.2.conv2,0.11669
96,0,conv1,0.107864
96,1,layer1.0.conv1,0.0810549
96,2,layer1.0.conv2,0.0790891
96,3,layer1.1.conv1,0.0784071
96,4,layer1.1.conv2,0.0741784
96,5,layer1.2.conv1,0.0984881
96,6,layer1.2.conv2,0.084039
96,7,layer2.0.conv1,0.105932
96,8,layer2.0.conv2,0.129428
96,9,layer2.1.conv1,0.121038
96,10,layer2.1.conv2,0.108072
96,11,layer2.2.conv1,0.126301
96,12,layer2.2.conv2,0.109401
96,13,layer3.0.conv1,0.158723
96,14,layer3.0.conv2,0.210453
96,15,layer3.1.conv1,0.218094
96,16,layer3.1.conv2,0.204197
96,17,layer3.2.conv1,0.213626
96,18,layer3.2.conv2,0.107811
97,0,conv1,0.114488
97,1,layer1.0.conv1,0.0967859
97,2,layer1.0.conv2,0.0933286
97,3,layer1.1.conv1,0.0906223
97,4,layer1.1.conv2,0.0875006
97,5,layer1.2.conv1,0.111396
97,6,layer1.2.conv2,0.092636
97,7,layer2.0.conv1,0.121077
97,8,layer2.0.conv2,0.148187
97,9,layer2.1.conv1,0.139013
97,10,layer2.1.conv2,0.123255
97,11,layer2.2.conv1,0.142048
97,12,layer2.2.conv2,0.125849
97,13,layer3.0.conv1,0.180824
97,14,layer3.0.conv2,0.239657
97,15,layer3.1.conv1,0.248068
97,16,layer3.1.conv2,0.231717
97,17,layer3.2.conv1,0.23905
97,18,layer3.2.conv2,0.121736
98,0,conv1,0.124482
98,1,layer1.0.conv1,0.100243
98,2,layer1.0.conv2,0.0942385
98,3,layer1.1.conv1,0.0912704
98,4,layer1.1.conv2,0.0880987
98,5,layer1.2.conv1,0.119336
98,6,layer1.2.conv2,0.0990212
98,7,layer2.0.conv1,0.130107
98,8,layer2.0.conv2,0.154406
98,9,layer2.1.conv1,0.14662
98,10,layer2.1.conv2,0.131296
98,11,layer2.2.conv1,0.154183
98,12,layer2.2.conv2,0.133331
98,13,layer3.0.conv1,0.193376
98,14,layer3.0.conv2,0.256244
98,15,layer3.1.conv1,0.263173
98,16,layer3.1.conv2,0.243422
98,17,layer3.2.conv1,0.253136
98,18,layer3.2.conv2,0.12774
99,0,conv1,0.0983303
99,1,layer1.0.conv1,0.079365
99,2,layer1.0.conv2,0.0753077
99,3,layer1.1.conv1,0.0749451
99,4,layer1.1.conv2,0.0716403
99,5,layer1.2.conv1,0.0944744
99,6,layer1.2.conv2,0.0818364
99,7,layer2.0.conv1,0.104061
99,8,layer2.0.conv2,0.126827
99,9,layer2.1.conv1,0.116047
99,10,layer2.1.conv2,0.101753
99,11,layer2.2.conv1,0.121226
99,12,layer2.2.conv2,0.106056
99,13,layer3.0.conv1,0.155253
99,14,layer3.0.conv2,0.206385
99,15,layer3.1.conv1,0.214296
99,16,layer3.1.conv2,0.197343
99,17,layer3.2.conv1,0.206081
99,18,layer3.2.conv2,0.10054
100,0,conv1,0.120253
100,1,layer1.0.conv1,0.0959586
100,2,layer1.0.conv2,0.0918372
100,3,layer1.1.conv1,0.0915556
100,4,layer1.1.conv2,0.0877941
100,5,layer1.2.conv1,0.11671
100,6,layer1.2.conv2,0.0987627
100,7,layer2.0.conv1,0.125673
100,8,layer2.0.conv2,0.151328
100,9,layer2.1.conv1,0.141208
100,10,layer2.1.conv2,0.12747
100,11,layer2.2.conv1,0.150697
100,12,layer2.2.conv2,0.13174
100,13,layer3.0.conv1,0.1883
100,14,layer3.0.conv2,0.248328
100,15,layer3.1.conv1,0.259227
100,16,layer3.1.conv2,0.240691
100,17,layer3.2.conv1,0.253208
100,18,layer3.2.conv2,0.126399
101,0,conv1,0.108902
101,1,layer1.0.conv1,0.0949365
101,2,layer1.0.conv2,0.0943291
101,3,layer1.1.conv1,0.086575
101,4,layer1.1.conv2,0.0845386
101,5,layer1.2.conv1,0.116202
101,6,layer1.2.conv2,0.096497
101,7,layer2.0.conv1,0.122163
101,8,layer2.0.conv2,0.146479
101,9,layer2.1.conv1,0.136123
101,10,layer2.1.conv2,0.125227
101,11,layer2.2.conv1,0.146569
101,12,layer2.2.conv2,0.129357
101,13,layer3.0.conv1,0.182821
101,14,layer3.0.conv2,0.242598
101,15,layer3.1.conv1,0.2467
101,16,layer3.1.conv2,0.231327
101,17,layer3.2.conv1,0.243506
101,18,layer3.2.conv2,0.123281
102,0,conv1,0.115333
102,1,layer1.0.conv1,0.0876002
102,2,layer1.0.conv2,0.0872126
102,3,layer1.1.conv1,0.0851541
102,4,layer1.1.conv2,0.0816514
102,5,layer1.2.conv1,0.106541
102,6,layer1.2.conv2,0.0860235
102,7,layer2.0.conv1,0.112224
102,8,layer2.0.conv2,0.136738
102,9,layer2.1.conv1,0.126029
102,10,layer2.1.conv2,0.110402
102,11,layer2.2.conv1,0.132765
102,12,layer2.2.conv2,0.115052
102,13,layer3.0.conv1,0.167611
102,14,layer3.0.conv2,0.22005
102,15,layer3.1.conv1,0.227059
102,16,layer3.1.conv2,0.206897
102,17,layer3.2.conv1,0.216022
102,18,layer3.2.conv2,0.104823
103,0,conv1,0.112004
103,1,layer1.0.conv1,0.0915091
103,2,layer1.0.conv2,0.08868
103,3,layer1.1.conv1,0.0867756
103,4,layer1.1.conv2,0.0836171
103,5,layer1.2.conv1,0.110086
103,6,layer1.2.conv2,0.0922072
103,7,layer2.0.conv1,0.119527
103,8,layer2.0.conv2,0.144131
103,9,layer2.1.conv1,0.137493
103,10,layer2.1.conv2,0.122189
103,11,layer2.2.conv1,0.145908
103,12,layer2.2.conv2,0.126186
103,13,layer3.0.conv1,0.182312
103,14,layer3.0.conv2,0.244849
103,15,layer3.1.conv1,0.252862
103,16,layer3.1.conv2,0.240069
103,17,layer3.2.conv1,0.2475
103,18,layer3.2.conv2,0.121253
104,0,conv1,0.118129
104,1,layer1.0.conv1,0.0908675
104,2,layer1.0.conv2,0.0862054
104,3,layer1.1.conv1,0.0829141
104,4,layer1.1.conv2,0.0799886
104,5,layer1.2.conv1,0.103581
104,6,layer1.2.conv2,0.0878718
104,7,layer2.0.conv1,0.114316
104,8,layer2.0.conv2,0.138225
104,9,layer2.1.conv1,0.134971
104,10,layer2.1.conv2,0.118404
104,11,layer2.2.conv1,0.142616
104,12,layer2.2.conv2,0.122946
104,13,layer3.0.conv1,0.174459
104,14,layer3.0.conv2,0.23345
104,15,layer3.1.conv1,0.243706
104,16,layer3.1.conv2,0.225941
104,17,layer3.2.conv1,0.233122
104,18,layer3.2.conv2,0.113338
105,0,conv1,0.111767
105,1,layer1.0.conv1,0.0962969
105,2,layer1.0.conv2,0.0920351
105,3,layer1.1.conv1,0.0894142
105,4,layer1.1.conv2,0.0873812
105,5,layer1.2.conv1,0.107638
105,6,layer1.2.conv2,0.094522
105,7,layer2.0.conv1,0.124165
105,8,layer2.0.conv2,0.145802
105,9,layer2.1.conv1,0.136679
105,10,layer2.1.conv2,0.12243
105,11,layer2.2.conv1,0.146964
105,12,layer2.2.conv2,0.126843
105,13,layer3.0.conv1,0.179656
105,14,layer3.0.conv2,0.237074
105,15,layer3.1.conv1,0.242203
105,16,layer3.1.conv2,0.226436
105,17,layer3.2.conv1,0.235026
105,18,layer3.2.conv2,0.11507
106,0,conv1,0.106689
106,1,layer1.0.conv1,0.0919237
106,2,layer1.0.conv2,0.0880125
106,3,layer1.1.conv1,0.0932472
106,4,layer1.1.conv2,0.084315
106,5,layer1.2.conv1,0.114101
106,6,layer1.2.conv2,0.0925516
106,7,layer2.0.conv1,0.118246
106,8,layer2.0.conv2,0.143123
106,9,layer2.1.conv1,0.136771
106,10,layer2.1.conv2,0.119856
106,11,layer2.2.conv1,0.145779
106,12,layer2.2.conv2,0.124926
106,13,layer3.0.conv1,0.177064
106,14,layer3.0.conv2,0.234527
106,15,layer3.1.conv1,0.244756
106,16,layer3.1.conv2,0.226782
106,17,layer3.2.conv1,0.233257
106,18,layer3.2.conv2,0.11067
107,0,conv1,0.144776
107,1,layer1.0.conv1,0.103765
107,2,layer1.0.conv2,0.0986358
107,3,layer1.1.conv1,0.101481
107,4,layer1.1.conv2,0.0921922
107,5,layer1.2.conv1,0.121573
107,6,layer1.2.conv2,0.103036
107,7,layer2.0.conv1,0.132149
107,8,layer2.0.conv2,0.158507
107,9,layer2.1.conv1,0.150787
107,10,layer2.1.conv2,0.135267
107,11,layer2.2.conv1,0.158111
107,12,layer2.2.conv2,0.141701
107,13,layer3.0.conv1,0.201391
107,14,layer3.0.conv2,0.268895
107,15,layer3.1.conv1,0.279303
107,16,layer3.1.conv2,0.258124
107,17,layer3.2.conv1,0.273747
107,18,layer3.2.conv2,0.134851
108,0,conv1,0.11079
108,1,layer1.0.conv1,0.0945403
108,2,layer1.0.conv2,0.0919185
108,3,layer1.1.conv1,0.0922556
108,4,layer1.1.conv2,0.0866156
108,5,layer1.2.conv1,0.11039
108,6,layer1.2.conv2,0.0933311
108,7,layer2.0.conv1,0.122055
108,8,layer2.0.conv2,0.144107
108,9,layer2.1.conv1,0.142142
108,10,layer2.1.conv2,0.124423
108,11,layer2.2.conv1,0.150626
108,12,layer2.2.conv2,0.126812
108,13,layer3.0.conv1,0.180901
108,14,layer3.0.conv2,0.238425
108,15,layer3.1.conv1,0.246948
108,16,layer3.1.conv2,0.233516
108,17,layer3.2.conv1,0.23825
108,18,layer3.2.conv2,0.117159
109,0,conv1,0.112851
109,1,layer1.0.conv1,0.0948266
109,2,layer1.0.conv2,0.0885432
109,3,layer1.1.conv1,0.0897635
109,4,layer1.1.conv2,0.0830238
109,5,layer1.2.conv1,0.110666
109,6,layer1.2.conv2,0.0907689
109,7,layer2.0.conv1,0.119762
109,8,layer2.0.conv2,0.144472
109,9,layer2.1.conv1,0.139536
109,10,layer2.1.conv2,0.124749
109,11,layer2.2.conv1,0.14969
109,12,layer2.2.conv2,0.129356
109,13,layer3.0.conv1,0.184518
109,14,layer3.0.conv2,0.247881
109,15,layer3.1.conv1,0.254966
109,16,layer3.1.conv2,0.239942
109,17,layer3.2.conv1,0.250853
109,18,layer3.2.conv2,0.118417
110,0,conv1,0.11725
110,1,layer1.0.conv1,0.0956032
110,2,layer1.0.conv2,0.0951842
110,3,layer1.1.conv1,0.0942936
110,4,layer1.1.conv2,0.0901761
110,5,layer1.2.conv1,0.115552
110,6,layer1.2.conv2,0.0992009
110,7,layer2.0.conv1,0.134394
110,8,layer2.0.conv2,0.158192
110,9,layer2.1.conv1,0.148738
110,10,layer2.1.conv2,0.133117
110,11,layer2.2.conv1,0.156934
110,12,layer2.2.conv2,0.137729
110,13,layer3.0.conv1,0.19462
110,14,layer3.0.conv2,0.258376
110,15,layer3.1.conv1,0.269412
110,16,layer3.1.conv2,0.243917
110,17,layer3.2.conv1,0.25011
110,18,layer3.2.conv2,0.118344
111,0,conv1,0.131867
111,1,layer1.0.conv1,0.106376
111,2,layer1.0.conv2,0.101046
111,3,layer1.1.conv1,0.10412
111,4,layer1.1.conv2,0.0968315
111,5,layer1.2.conv1,0.124384
111,6,layer1.2.conv2,0.108135
111,7,layer2.0.conv1,0.140149
111,8,layer2.0.conv2,0.171167
111,9,layer2.1.conv1,0.166414
111,10,layer2.1.conv2,0.144533
111,11,layer2.2.conv1,0.175048
111,12,layer2.2.conv2,0.149025
111,13,layer3.0.conv1,0.215078
111,14,layer3.0.conv2,0.288105
111,15,layer3.1.conv1,0.2924
111,16,layer3.1.conv2,0.270366
111,17,layer3.2.conv1,0.28271
111,18,layer3.2.conv2,0.132341
112,0,conv1,0.115956
112,1,layer1.0.conv1,0.102592
112,2,layer1.0.conv2,0.0988624
112,3,layer1.1.conv1,0.0988321
112,4,layer1.1.conv2,0.0924227
112,5,layer1.2.conv1,0.119722
112,6,layer1.2.conv2,0.0980219
112,7,layer2.0.conv1,0.1313
112,8,layer2.0.conv2,0.154776
112,9,layer2.1.conv1,0.14526
112,10,layer2.1.conv2,0.129933
112,11,layer2.2.conv1,0.15535
112,12,layer2.2.conv2,0.131627
112,13,layer3.0.conv1,0.190949
112,14,layer3.0.conv2,0.257409
112,15,layer3.1.conv1,0.265753
112,16,layer3.1.conv2,0.242311
112,17,layer3.2.conv1,0.25524
112,18,layer3.2.conv2,0.123747
113,0,conv1,0.113052
113,1,layer1.0.conv1,0.0937062
113,2,layer1.0.conv2,0.0903904
113,3,layer1.1.conv1,0.0921996
113,4,layer1.1.conv2,0.0848137
113,5,layer1.2.conv1,0.113763
113,6,layer1.2.conv2,0.0952134
113,7,layer2.0.conv1,0.125336
113,8,layer2.0.conv2,0.145925
113,9,layer2.1.conv1,0.142682
113,10,layer2.1.conv2,0.124643
113,11,layer2.2.conv1,0.148647
113,12,layer2.2.conv2,0.127742
113,13,layer3.0.conv1,0.180967
113,14,layer3.0.conv2,0.240147
113,15,layer3.1.conv1,0.246782
113,16,layer3.1.conv2,0.226385
113,17,layer3.2.conv1,0.231986
113,18,layer3.2.conv2,0.109435
114,0,conv1,0.11708
114,1,layer1.0.conv1,0.088924
114,2,layer1.0.conv2,0.0856988
114,3,layer1.1.conv1,0.0843216
114,4,layer1.1.conv2,0.0818217
114,5,layer1.2.conv1,0.103919
114,6,layer1.2.conv2,0.0854062
114,7,layer2.0.conv1,0.113407
114,8,layer2.0.conv2,0.135235
114,9,layer2.1.conv1,0.12966
114,10,layer2.1.conv2,0.118443
114,11,layer2.2.conv1,0.136078
114,12,layer2.2.conv2,0.117417
114,13,layer3.0.conv1,0.170123
114,14,layer3.0.conv2,0.232821
114,15,layer3.1.conv1,0.242296
114,16,layer3.1.conv2,0.223822
114,17,layer3.2.conv1,0.229627
114,18,layer3.2.conv2,0.107719
115,0,conv1,0.126967
115,1,layer1.0.conv1,0.103448
115,2,layer1.0.conv2,0.0989654
115,3,layer1.1.conv1,0.0975082
115,4,layer1.1.conv2,0.0931425
115,5,layer1.2.conv1,0.117389
115,6,layer1.2.conv2,0.102421
115,7,layer2.0.conv1,0.132902
115,8,layer2.0.conv2,0.158308
115,9,layer2.1.conv1,0.152528
115,10,layer2.1.conv2,0.134501
115,11,layer2.2.conv1,0.160237
115,12,layer2.2.conv2,0.137439
115,13,layer3.0.conv1,0.196884
115,14,layer3.0.conv2,0.26383
115,15,layer3.1.conv1,0.27328
115,16,layer3.1.conv2,0.254699
115,17,layer3.2.conv1,0.261409
115,18,layer3.2.conv2,0.119763
116,0,conv1,0.132365
116,1,layer1.0.conv1,0.109774
116,2,layer1.0.conv2,0.105432
116,3,layer1.1.conv1,0.105848
116,4,layer1.1.conv2,0.0994955
116,5,layer1.2.conv1,0.126915
116,6,layer1.2.conv2,0.105372
116,7,layer2.0.conv1,0.140616
116,8,layer2.0.conv2,0.169929
116,9,layer2.1.conv1,0.165892
116,10,layer2.1.conv2,0.144269
116,11,layer2.2.conv1,0.175882
116,12,layer2.2.conv2,0.146798
116,13,layer3.0.conv1,0.211604
116,14,layer3.0.conv2,0.28943
116,15,layer3.1.conv1,0.297325
116,16,layer3.1.conv2,0.275158
116,17,layer3.2.conv1,0.290389
116,18,layer3.2.conv2,0.131087
117,0,conv1,0.115932
117,1,layer1.0.conv1,0.0976759
117,2,layer1.0.conv2,0.0948209
117,3,layer1.1.conv1,0.0925111
117,4,layer1.1.conv2,0.0865823
117,5,layer1.2.conv1,0.114598
117,6,layer1.2.conv2,0.0966388
117,7,layer2.0.conv1,0.127075
117,8,layer2.0.conv2,0.150144
117,9,layer2.1.conv1,0.145269
117,10,layer2.1.conv2,0.131066
117,11,layer2.2.conv1,0.152235
117,12,layer2.2.conv2,0.130977
117,13,layer3.0.conv1,0.183189
117,14,layer3.0.conv2,0.246176
117,15,layer3.1.conv1,0.254667
117,16,layer3.1.conv2,0.237394
117,17,layer3.2.conv1,0.248008
117,18,layer3.2.conv2,0.11508
118,0,conv1,0.12794
118,1,layer1.0.conv1,0.102012
118,2,layer1.0.conv2,0.096244
118,3,layer1.1.conv1,0.0990558
118,4,layer1.1.conv2,0.092888
118,5,layer1.2.conv1,0.124813
118,6,layer1.2.conv2,0.100412
118,7,layer2.0.conv1,0.132271
118,8,layer2.0.conv2,0.16024
118,9,layer2.1.conv1,0.153368
118,10,layer2.1.conv2,0.135052
118,11,layer2.2.conv1,0.160444
118,12,layer2.2.conv2,0.138305
118,13,layer3.0.conv1,0.197573
118,14,layer3.0.conv2,0.263627
118,15,layer3.1.conv1,0.27255
118,16,layer3.1.conv2,0.252053
118,17,layer3.2.conv1,0.26275
118,18,layer3.2.conv2,0.117226
119,0,conv1,0.12771
119,1,layer1.0.conv1,0.106502
119,2,layer1.0.conv2,0.101976
119,3,layer1.1.conv1,0.10582
119,4,layer1.1.conv2,0.0950192
119,5,layer1.2.conv1,0.127488
119,6,layer1.2.conv2,0.103317
119,7,layer2.0.conv1,0.137191
119,8,layer2.0.conv2,0.166971
119,9,layer2.1.conv1,0.160622
119,10,layer2.1.conv2,0.142704
119,11,layer2.2.conv1,0.17101
119,12,layer2.2.conv2,0.146358
119,13,layer3.0.conv1,0.207635
119,14,layer3.0.conv2,0.282829
119,15,layer3.1.conv1,0.295535
119,16,layer3.1.conv2,0.266433
119,17,layer3.2.conv1,0.283035
119,18,layer3.2.conv2,0.128354
120,0,conv1,0.124448
120,1,layer1.0.conv1,0.101962
120,2,layer1.0.conv2,0.100696
120,3,layer1.1.conv1,0.102144
120,4,layer1.1.conv2,0.0948062
120,5,layer1.2.conv1,0.122634
120,6,layer1.2.conv2,0.105382
120,7,layer2.0.conv1,0.137752
120,8,layer2.0.conv2,0.163113
120,9,layer2.1.conv1,0.157496
120,10,layer2.1.conv2,0.142449
120,11,layer2.2.conv1,0.16786
120,12,layer2.2.conv2,0.141596
120,13,layer3.0.conv1,0.20453
120,14,layer3.0.conv2,0.281348
120,15,layer3.1.conv1,0.294178
120,16,layer3.1.conv2,0.274245
120,17,layer3.2.conv1,0.278571
120,18,layer3.2.conv2,0.12791
121,0,conv1,0.126013
121,1,layer1.0.conv1,0.10566
121,2,layer1.0.conv2,0.103622
121,3,layer1.1.conv1,0.103589
121,4,layer1.1.conv2,0.0945873
121,5,layer1.2.conv1,0.125137
121,6,layer1.2.conv2,0.104051
121,7,layer2.0.conv1,0.138309
121,8,layer2.0.conv2,0.167377
121,9,layer2.1.conv1,0.159116
121,10,layer2.1.conv2,0.14378
121,11,layer2.2.conv1,0.172993
121,12,layer2.2.conv2,0.151446
121,13,layer3.0.conv1,0.210365
121,14,layer3.0.conv2,0.288543
121,15,layer3.1.conv1,0.297811
121,16,layer3.1.conv2,0.277128
121,17,layer3.2.conv1,0.289983
121,18,layer3.2.conv2,0.129535
122,0,conv1,0.0992064
122,1,layer1.0.conv1,0.0835295
122,2,layer1.0.conv2,0.0835517
122,3,layer1.1.conv1,0.08601
122,4,layer1.1.conv2,0.078615
122,5,layer1.2.conv1,0.0994977
122,6,layer1.2.conv2,0.0860699
122,7,layer2.0.conv1,0.114226
122,8,layer2.0.conv2,0.136837
122,9,layer2.1.conv1,0.132407
122,10,layer2.1.conv2,0.11311
122,11,layer2.2.conv1,0.137069
122,12,layer2.2.conv2,0.115632
122,13,layer3.0.conv1,0.165995
122,14,layer3.0.conv2,0.223488
122,15,layer3.1.conv1,0.231593
122,16,layer3.1.conv2,0.212714
122,17,layer3.2.conv1,0.231384
122,18,layer3.2.conv2,0.10943
123,0,conv1,0.113969
123,1,layer1.0.conv1,0.0955096
123,2,layer1.0.conv2,0.0943258
123,3,layer1.1.conv1,0.093932
123,4,layer1.1.conv2,0.0869753
123,5,layer1.2.conv1,0.117586
123,6,layer1.2.conv2,0.0949838
123,7,layer2.0.conv1,0.125898
123,8,layer2.0.conv2,0.151621
123,9,layer2.1.conv1,0.14653
123,10,layer2.1.conv2,0.131205
123,11,layer2.2.conv1,0.155473
123,12,layer2.2.conv2,0.131777
123,13,layer3.0.conv1,0.19061
123,14,layer3.0.conv2,0.261336
123,15,layer3.1.conv1,0.273723
123,16,layer3.1.conv2,0.258198
123,17,layer3.2.conv1,0.267427
123,18,layer3.2.conv2,0.122233
124,0,conv1,0.111976
124,1,layer1.0.conv1,0.101191
124,2,layer1.0.conv2,0.0960665
124,3,layer1.1.conv1,0.0985097
124,4,layer1.1.conv2,0.0906271
124,5,layer1.2.conv1,0.121043
124,6,layer1.2.conv2,0.098801
124,7,layer2.0.conv1,0.129753
124,8,layer2.0.conv2,0.160852
124,9,layer2.1.conv1,0.156101
124,10,layer2.1.conv2,0.140157
124,11,layer2.2.conv1,0.167307
124,12,layer2.2.conv2,0.143151
124,13,layer3.0.conv1,0.202275
124,14,layer3.0.conv2,0.272552
124,15,layer3.1.conv1,0.289067
124,16,layer3.1.conv2,0.257308
124,17,layer3.2.conv1,0.267935
124,18,layer3.2.conv2,0.122426
125,0,conv1,0.105772
125,1,layer1.0.conv1,0.0825513
125,2,layer1.0.conv2,0.0857428
125,3,layer1.1.conv1,0.0832882
125,4,layer1.1.conv2,0.0802449
125,5,layer1.2.conv1,0.102341
125,6,layer1.2.conv2,0.0870437
125,7,layer2.0.conv1,0.114446
125,8,layer2.0.conv2,0.138312
125,9,layer2.1.conv1,0.130729
125,10,layer2.1.conv2,0.116915
125,11,layer2.2.conv1,0.140812
125,12,layer2.2.conv2,0.118712
125,13,layer3.0.conv1,0.167742
125,14,layer3.0.conv2,0.231289
125,15,layer3.1.conv1,0.238249
125,16,layer3.1.conv2,0.221357
125,17,layer3.2.conv1,0.228117
125,18,layer3.2.conv2,0.0997058
126,0,conv1,0.113276
126,1,layer1.0.conv1,0.0897358
126,2,layer1.0.conv2,0.0922617
126,3,layer1.1.conv1,0.0853823
126,4,layer1.1.conv2,0.080069
126,5,layer1.2.conv1,0.107048
126,6,layer1.2.conv2,0.0881548
126,7,layer2.0.conv1,0.11669
126,8,layer2.0.conv2,0.140462
126,9,layer2.1.conv1,0.134937
126,10,layer2.1.conv2,0.123376
126,11,layer2.2.conv1,0.143269
126,12,layer2.2.conv2,0.126231
126,13,layer3.0.conv1,0.175946
126,14,layer3.0.conv2,0.244364
126,15,layer3.1.conv1,0.255505
126,16,layer3.1.conv2,0.239515
126,17,layer3.2.conv1,0.24755
126,18,layer3.2.conv2,0.111851
127,0,conv1,0.0912626
127,1,layer1.0.conv1,0.0776108
127,2,layer1.0.conv2,0.0762387
127,3,layer1.1.conv1,0.077076
127,4,layer1.1.conv2,0.0712469
127,5,layer1.2.conv1,0.0913787
127,6,layer1.2.conv2,0.0757426
127,7,layer2.0.conv1,0.103623
127,8,layer2.0.conv2,0.122117
127,9,layer2.1.conv1,0.116499
127,10,layer2.1.conv2,0.105273
127,11,layer2.2.conv1,0.125868
127,12,layer2.2.conv2,0.109148
127,13,layer3.0.conv1,0.150156
127,14,layer3.0.conv2,0.202567
127,15,layer3.1.conv1,0.214011
127,16,layer3.1.conv2,0.200034
127,17,layer3.2.conv1,0.207248
127,18,layer3.2.conv2,0.091424
128,0,conv1,0.100969
128,1,layer1.0.conv1,0.0848114
128,2,layer1.0.conv2,0.0834279
128,3,layer1.1.conv1,0.0847428
128,4,layer1.1.conv2,0.0778549
128,5,layer1.2.conv1,0.102604
128,6,layer1.2.conv2,0.0874551
128,7,layer2.0.conv1,0.114225
128,8,layer2.0.conv2,0.136282
128,9,layer2.1.conv1,0.132621
128,10,layer2.1.conv2,0.117956
128,11,layer2.2.conv1,0.141301
128,12,layer2.2.conv2,0.12078
128,13,layer3.0.conv1,0.170225
128,14,layer3.0.conv2,0.228324
128,15,layer3.1.conv1,0.238526
128,16,layer3.1.conv2,0.223388
128,17,layer3.2.conv1,0.230625
128,18,layer3.2.conv2,0.103913
129,0,conv1,0.0879604
129,1,layer1.0.conv1,0.0738257
129,2,layer1.0.conv2,0.0745618
129,3,layer1.1.conv1,0.0760214
129,4,layer1.1.conv2,0.0707035
129,5,layer1.2.conv1,0.0897097
129,6,layer1.2.conv2,0.077674
129,7,layer2.0.conv1,0.102371
129,8,layer2.0.conv2,0.121939
129,9,layer2.1.conv1,0.123972
129,10,layer2.1.conv2,0.107923
129,11,layer2.2.conv1,0.125007
129,12,layer2.2.conv2,0.108126
129,13,layer3.0.conv1,0.152776
129,14,layer3.0.conv2,0.204649
129,15,layer3.1.conv1,0.211341
129,16,layer3.1.conv2,0.19546
129,17,layer3.2.conv1,0.203601
129,18,layer3.2.conv2,0.0934344
130,0,conv1,0.100051
130,1,layer1.0.conv1,0.0833698
130,2,layer1.0.conv2,0.0809074
130,3,layer1.1.conv1,0.0808616
130,4,layer1.1.conv2,0.077519
130,5,layer1.2.conv1,0.103431
130,6,layer1.2.conv2,0.0867844
130,7,layer2.0.conv1,0.114215
130,8,layer2.0.conv2,0.137795
130,9,layer2.1.conv1,0.130387
130,10,layer2.1.conv2,0.118061
130,11,layer2.2.conv1,0.140027
130,12,layer2.2.conv2,0.118542
130,13,layer3.0.conv1,0.168835
130,14,layer3.0.conv2,0.233198
130,15,layer3.1.conv1,0.237768
130,16,layer3.1.conv2,0.223231
130,17,layer3.2.conv1,0.235735
130,18,layer3.2.conv2,0.10577
131,0,conv1,0.114976
131,1,layer1.0.conv1,0.098508
131,2,layer1.0.conv2,0.0982804
131,3,layer1.1.conv1,0.098604
131,4,layer1.1.conv2,0.0952659
131,5,layer1.2.conv1,0.124597
131,6,layer1.2.conv2,0.102585
131,7,layer2.0.conv1,0.141572
131,8,layer2.0.conv2,0.166016
131,9,layer2.1.conv1,0.160076
131,10,layer2.1.conv2,0.139444
131,11,layer2.2.conv1,0.171251
131,12,layer2.2.conv2,0.143156
131,13,layer3.0.conv1,0.199203
131,14,layer3.0.conv2,0.274033
131,15,layer3.1.conv1,0.276755
131,16,layer3.1.conv2,0.256649
131,17,layer3.2.conv1,0.267657
131,18,layer3.2.conv2,0.12351
132,0,conv1,0.0880345
132,1,layer1.0.conv1,0.0739143
132,2,layer1.0.conv2,0.0733597
132,3,layer1.1.conv1,0.0722549
132,4,layer1.1.conv2,0.0679365
132,5,layer1.2.conv1,0.0899526
132,6,layer1.2.conv2,0.0735202
132,7,layer2.0.conv1,0.0972273
132,8,layer2.0.conv2,0.119384
132,9,layer2.1.conv1,0.114872
132,10,layer2.1.conv2,0.102124
132,11,layer2.2.conv1,0.121737
132,12,layer2.2.conv2,0.105615
132,13,layer3.0.conv1,0.148635
132,14,layer3.0.conv2,0.200412
132,15,layer3.1.conv1,0.210275
132,16,layer3.1.conv2,0.191384
132,17,layer3.2.conv1,0.198772
132,18,layer3.2.conv2,0.0893298
133,0,conv1,0.106196
133,1,layer1.0.conv1,0.0824968
133,2,layer1.0.conv2,0.0791329
133,3,layer1.1.conv1,0.0832685
133,4,layer1.1.conv2,0.0765543
133,5,layer1.2.conv1,0.0980783
133,6,layer1.2.conv2,0.0831154
133,7,layer2.0.conv1,0.109728
133,8,layer2.0.conv2,0.134231
133,9,layer2.1.conv1,0.129409
133,10,layer2.1.conv2,0.11635
133,11,layer2.2.conv1,0.137098
133,12,layer2.2.conv2,0.119703
133,13,layer3.0.conv1,0.16568
133,14,layer3.0.conv2,0.225473
133,15,layer3.1.conv1,0.234598
133,16,layer3.1.conv2,0.216856
133,17,layer3.2.conv1,0.227152
133,18,layer3.2.conv2,0.0998387
134,0,conv1,0.107464
134,1,layer1.0.conv1,0.0931843
134,2,layer1.0.conv2,0.0926794
134,3,layer1.1.conv1,0.0929454
134,4,layer1.1.conv2,0.0878422
134,5,layer1.2.conv1,0.117297
134,6,layer1.2.conv2,0.0978465
134,7,layer2.0.conv1,0.12697
134,8,layer2.0.conv2,0.151988
134,9,layer2.1.conv1,0.148554
134,10,layer2.1.conv2,0.131418
134,11,layer2.2.conv1,0.162767
134,12,layer2.2.conv2,0.137777
134,13,layer3.0.conv1,0.190155
134,14,layer3.0.conv2,0.261714
134,15,layer3.1.conv1,0.266109
134,16,layer3.1.conv2,0.248895
134,17,layer3.2.conv1,0.256518
134,18,layer3.2.conv2,0.116198
135,0,conv1,0.0877437
135,1,layer1.0.conv1,0.0770269
135,2,layer1.0.conv2,0.0746152
135,3,layer1.1.conv1,0.0763079
135,4,layer1.1.conv2,0.0718536
135,5,layer1.2.conv1,0.0912555
135,6,layer1.2.conv2,0.0782299
135,7,layer2.0.conv1,0.101038
135,8,layer2.0.conv2,0.120477
135,9,layer2.1.conv1,0.116464
135,10,layer2.1.conv2,0.103233
135,11,layer2.2.conv1,0.125543
135,12,layer2.2.conv2,0.105992
135,13,layer3.0.conv1,0.148703
135,14,layer3.0.conv2,0.200137
135,15,layer3.1.conv1,0.209388
135,16,layer3.1.conv2,0.192233
135,17,layer3.2.conv1,0.202255
135,18,layer3.2.conv2,0.0882193
136,0,conv1,0.100283
136,1,layer1.0.conv1,0.0774988
136,2,layer1.0.conv2,0.078338
136,3,layer1.1.conv1,0.0829139
136,4,layer1.1.conv2,0.0759226
136,5,layer1.2.conv1,0.0987333
136,6,layer1.2.conv2,0.0826539
136,7,layer2.0.conv1,0.109396
136,8,layer2.0.conv2,0.132072
136,9,layer2.1.conv1,0.126625
136,10,layer2.1.conv2,0.112453
136,11,layer2.2.conv1,0.132749
136,12,layer2.2.conv2,0.111838
136,13,layer3.0.conv1,0.161119
136,14,layer3.0.conv2,0.220698
136,15,layer3.1.conv1,0.233326
136,16,layer3.1.conv2,0.21519
136,17,layer3.2.conv1,0.221938
136,18,layer3.2.conv2,0.0989497
137,0,conv1,0.0855203
137,1,layer1.0.conv1,0.0753703
137,2,layer1.0.conv2,0.073757
137,3,layer1.1.conv1,0.0770596
137,4,layer1.1.conv2,0.0707886
137,5,layer1.2.conv1,0.0905155
137,6,layer1.2.conv2,0.0760183
137,7,layer2.0.conv1,0.102032
137,8,layer2.0.conv2,0.123199
137,9,layer2.1.conv1,0.118682
137,10,layer2.1.conv2,0.104928
137,11,layer2.2.conv1,0.124774
137,12,layer2.2.conv2,0.107782
137,13,layer3.0.conv1,0.154751
137,14,layer3.0.conv2,0.209572
137,15,layer3.1.conv1,0.218076
137,16,layer3.1.conv2,0.197055
137,17,layer3.2.conv1,0.203913
137,18,layer3.2.conv2,0.0902856
138,0,conv1,0.10892
138,1,layer1.0.conv1,0.0862806
138,2,layer1.0.conv2,0.0838013
138,3,layer1.1.conv1,0.0860774
138,4,layer1.1.conv2,0.0787442
138,5,layer1.2.conv1,0.101864
138,6,layer1.2.conv2,0.0865566
138,7,layer2.0.conv1,0.114346
138,8,layer2.0.conv2,0.136597
138,9,layer2.1.conv1,0.136451
138,10,layer2.1.conv2,0.118039
138,11,layer2.2.conv1,0.143521
138,12,layer2.2.conv2,0.120465
138,13,layer3.0.conv1,0.166011
138,14,layer3.0.conv2,0.228111
138,15,layer3.1.conv1,0.239231
138,16,layer3.1.conv2,0.226386
138,17,layer3.2.conv1,0.235364
138,18,layer3.2.conv2,0.105034
139,0,conv1,0.0932047
139,1,layer1.0.conv1,0.0793991
139,2,layer1.0.conv2,0.0773443
139,3,layer1.1.conv1,0.0775737
139,4,layer1.1.conv2,0.0735905
139,5,layer1.2.conv1,0.099302
139,6,layer1.2.conv2,0.0807208
139,7,layer2.0.conv1,0.105166
139,8,layer2.0.conv2,0.126689
139,9,layer2.1.conv1,0.121929
139,10,layer2.1.conv2,0.110574
139,11,layer2.2.conv1,0.132671
139,12,layer2.2.conv2,0.114025
139,13,layer3.0.conv1,0.158394
139,14,layer3.0.conv2,0.21764
139,15,layer3.1.conv1,0.228791
139,16,layer3.1.conv2,0.216252
139,17,layer3.2.conv1,0.219674
139,18,layer3.2.conv2,0.0985994
140,0,conv1,0.110414
140,1,layer1.0.conv1,0.0879077
140,2,layer1.0.conv2,0.0852359
140,3,layer1.1.conv1,0.085823
140,4,layer1.1.conv2,0.0800697
140,5,layer1.2.conv1,0.103247
140,6,layer1.2.conv2,0.0869941
140,7,layer2.0.conv1,0.113677
140,8,layer2.0.conv2,0.136754
140,9,layer2.1.conv1,0.129597
140,10,layer2.1.conv2,0.117175
140,11,layer2.2.conv1,0.140334
140,12,layer2.2.conv2,0.119537
140,13,layer3.0.conv1,0.166214
140,14,layer3.0.conv2,0.228595
140,15,layer3.1.conv1,0.234992
140,16,layer3.1.conv2,0.217891
140,17,layer3.2.conv1,0.22529
140,18,layer3.2.conv2,0.098357
141,0,conv1,0.0889921
141,1,layer1.0.conv1,0.0774602
141,2,layer1.0.conv2,0.0749867
141,3,layer1.1.conv1,0.0770412
141,4,layer1.1.conv2,0.069726
141,5,layer1.2.conv1,0.0928794
141,6,layer1.2.conv2,0.0763306
141,7,layer2.0.conv1,0.102032
141,8,layer2.0.conv2,0.123994
141,9,layer2.1.conv1,0.119767
141,10,layer2.1.conv2,0.105482
141,11,layer2.2.conv1,0.128041
141,12,layer2.2.conv2,0.108676
141,13,layer3.0.conv1,0.152806
141,14,layer3.0.conv2,0.210739
141,15,layer3.1.conv1,0.218114
141,16,layer3.1.conv2,0.204511
141,17,layer3.2.conv1,0.215898
141,18,layer3.2.conv2,0.0974472
142,0,conv1,0.10072
142,1,layer1.0.conv1,0.081699
142,2,layer1.0.conv2,0.0791183
142,3,layer1.1.conv1,0.0827042
142,4,layer1.1.conv2,0.077651
142,5,layer1.2.conv1,0.100388
142,6,layer1.2.conv2,0.085389
142,7,layer2.0.conv1,0.112983
142,8,layer2.0.conv2,0.137857
142,9,layer2.1.conv1,0.133722
142,10,layer2.1.conv2,0.117555
142,11,layer2.2.conv1,0.146444
142,12,layer2.2.conv2,0.123295
142,13,layer3.0.conv1,0.171811
142,14,layer3.0.conv2,0.230463
142,15,layer3.1.conv1,0.24071
142,16,layer3.1.conv2,0.228178
142,17,layer3.2.conv1,0.235408
142,18,layer3.2.conv2,0.106979
143,0,conv1,0.0933524
143,1,layer1.0.conv1,0.0820986
143,2,layer1.0.conv2,0.0794017
143,3,layer1.1.conv1,0.0825552
143,4,layer1.1.conv2,0.0758331
143,5,layer1.2.conv1,0.103498
143,6,layer1.2.conv2,0.0814613
143,7,layer2.0.conv1,0.11129
143,8,layer2.0.conv2,0.135813
143,9,layer2.1.conv1,0.131452
143,10,layer2.1.conv2,0.11856
143,11,layer2.2.conv1,0.137084
143,12,layer2.2.conv2,0.118609
143,13,layer3.0.conv1,0.167271
143,14,layer3.0.conv2,0.228006
143,15,layer3.1.conv1,0.236353
143,16,layer3.1.conv2,0.216766
143,17,layer3.2.conv1,0.227632
143,18,layer3.2.conv2,0.104191
144,0,conv1,0.0884509
144,1,layer1.0.conv1,0.0699841
144,2,layer1.0.conv2,0.0683908
144,3,layer1.1.conv1,0.0697408
144,4,layer1.1.conv2,0.0656568
144,5,layer1.2.conv1,0.0896631
144,6,layer1.2.conv2,0.0717813
144,7,layer2.0.conv1,0.0949367
144,8,layer2.0.conv2,0.11558
144,9,layer2.1.conv1,0.113958
144,10,layer2.1.conv2,0.0973875
144,11,layer2.2.conv1,0.117274
144,12,layer2.2.conv2,0.100246
144,13,layer3.0.conv1,0.142077
144,14,layer3.0.conv2,0.195317
144,15,layer3.1.conv1,0.202277
144,16,layer3.1.conv2,0.191462
144,17,layer3.2.conv1,0.200713
144,18,layer3.2.conv2,0.0888337
145,0,conv1,0.0906321
145,1,layer1.0.conv1,0.0819171
145,2,layer1.0.conv2,0.0806758
145,3,layer1.1.conv1,0.082855
145,4,layer1.1.conv2,0.0777394
145,5,layer1.2.conv1,0.0962747
145,6,layer1.2.conv2,0.0805641
145,7,layer2.0.conv1,0.108079
145,8,layer2.0.conv2,0.127494
145,9,layer2.1.conv1,0.123061
145,10,layer2.1.conv2,0.108798
145,11,layer2.2.conv1,0.130424
145,12,layer2.2.conv2,0.109187
145,13,layer3.0.conv1,0.15577
145,14,layer3.0.conv2,0.208167
145,15,layer3.1.conv1,0.218711
145,16,layer3.1.conv2,0.196286
145,17,layer3.2.conv1,0.204209
145,18,layer3.2.conv2,0.0879497
146,0,conv1,0.0985983
146,1,layer1.0.conv1,0.0751121
146,2,layer1.0.conv2,0.0746146
146,3,layer1.1.conv1,0.0746405
146,4,layer1.1.conv2,0.0713518
146,5,layer1.2.conv1,0.0920237
146,6,layer1.2.conv2,0.0788958
146,7,layer2.0.conv1,0.102907
146,8,layer2.0.conv2,0.125188
146,9,layer2.1.conv1,0.123651
146,10,layer2.1.conv2,0.104722
146,11,layer2.2.conv1,0.128857
146,12,layer2.2.conv2,0.111112
146,13,layer3.0.conv1,0.155256
146,14,layer3.0.conv2,0.211669
146,15,layer3.1.conv1,0.216581
146,16,layer3.1.conv2,0.20022
146,17,layer3.2.conv1,0.203352
146,18,layer3.2.conv2,0.0923351
147,0,conv1,0.0786416
147,1,layer1.0.conv1,0.070527
147,2,layer1.0.conv2,0.0672854
147,3,layer1.1.conv1,0.0703797
147,4,layer1.1.conv2,0.0641182
147,5,layer1.2.conv1,0.0877383
147,6,layer1.2.conv2,0.0675257
147,7,layer2.0.conv1,0.0921281
147,8,layer2.0.conv2,0.10921
147,9,layer2.1.conv1,0.107347
147,10,layer2.1.conv2,0.093407
147,11,layer2.2.conv1,0.112652
147,12,layer2.2.conv2,0.096537
147,13,layer3.0.conv1,0.134384
147,14,layer3.0.conv2,0.184826
147,15,layer3.1.conv1,0.189659
147,16,layer3.1.conv2,0.176145
147,17,layer3.2.conv1,0.180488
147,18,layer3.2.conv2,0.0809244
148,0,conv1,0.0814321
148,1,layer1.0.conv1,0.0699483
148,2,layer1.0.conv2,0.0689781
148,3,layer1.1.conv1,0.0688327
148,4,layer1.1.conv2,0.064093
148,5,layer1.2.conv1,0.0847319
148,6,layer1.2.conv2,0.0695269
148,7,layer2.0.conv1,0.091794
148,8,layer2.0.conv2,0.110929
148,9,layer2.1.conv1,0.108685
148,10,layer2.1.conv2,0.0968163
148,11,layer2.2.conv1,0.114891
148,12,layer2.2.conv2,0.0956904
148,13,layer3.0.conv1,0.137714
148,14,layer3.0.conv2,0.185875
148,15,layer3.1.conv1,0.192326
148,16,layer3.1.conv2,0.178674
148,17,layer3.2.conv1,0.184737
148,18,layer3.2.conv2,0.0817153
149,0,conv1,0.0803589
149,1,layer1.0.conv1,0.0692678
149,2,layer1.0.conv2,0.0692123
149,3,layer1.1.conv1,0.0738631
149,4,layer1.1.conv2,0.0663514
149,5,layer1.2.conv1,0.0918268
149,6,layer1.2.conv2,0.0744539
149,7,layer2.0.conv1,0.0990246
149,8,layer2.0.conv2,0.117624
149,9,layer2.1.conv1,0.115111
149,10,layer2.1.conv2,0.10367
149,11,layer2.2.conv1,0.119721
149,12,layer2.2.conv2,0.10197
149,13,layer3.0.conv1,0.142556
149,14,layer3.0.conv2,0.19368
149,15,layer3.1.conv1,0.202071
149,16,layer3.1.conv2,0.192385
149,17,layer3.2.conv1,0.19853
149,18,layer3.2.conv2,0.0897641
150,0,conv1,0.101604
150,1,layer1.0.conv1,0.0801977
150,2,layer1.0.conv2,0.080068
150,3,layer1.1.conv1,0.0823751
150,4,layer1.1.conv2,0.073563
150,5,layer1.2.conv1,0.0973798
150,6,layer1.2.conv2,0.0843736
150,7,layer2.0.conv1,0.107918
150,8,layer2.0.conv2,0.131014
150,9,layer2.1.conv1,0.126443
150,10,layer2.1.conv2,0.113407
150,11,layer2.2.conv1,0.13607
150,12,layer2.2.conv2,0.113409
150,13,layer3.0.conv1,0.15959
150,14,layer3.0.conv2,0.215908
150,15,layer3.1.conv1,0.22691
150,16,layer3.1.conv2,0.213367
150,17,layer3.2.conv1,0.217156
150,18,layer3.2.conv2,0.0973648
151,0,conv1,0.111321
151,1,layer1.0.conv1,0.0890075
151,2,layer1.0.conv2,0.0854479
151,3,layer1.1.conv1,0.0887229
151,4,layer1.1.conv2,0.0806083
151,5,layer1.2.conv1,0.106529
151,6,layer1.2.conv2,0.0880033
151,7,layer2.0.conv1,0.114776
151,8,layer2.0.conv2,0.139151
151,9,layer2.1.conv1,0.136011
151,10,layer2.1.conv2,0.119883
151,11,layer2.2.conv1,0.142762
151,12,layer2.2.conv2,0.120216
151,13,layer3.0.conv1,0.167961
151,14,layer3.0.conv2,0.230135
151,15,layer3.1.conv1,0.241496
151,16,layer3.1.conv2,0.225018
151,17,layer3.2.conv1,0.230773
151,18,layer3.2.conv2,0.102203
152,0,conv1,0.102136
152,1,layer1.0.conv1,0.0894924
152,2,layer1.0.conv2,0.0887485
152,3,layer1.1.conv1,0.0863823
152,4,layer1.1.conv2,0.0828819
152,5,layer1.2.conv1,0.109503
152,6,layer1.2.conv2,0.0921117
152,7,layer2.0.conv1,0.121287
152,8,layer2.0.conv2,0.146825
152,9,layer2.1.conv1,0.145195
152,10,layer2.1.conv2,0.126907
152,11,layer2.2.conv1,0.154127
152,12,layer2.2.conv2,0.131569
152,13,layer3.0.conv1,0.181249
152,14,layer3.0.conv2,0.248978
152,15,layer3.1.conv1,0.259692
152,16,layer3.1.conv2,0.239018
152,17,layer3.2.conv1,0.238694
152,18,layer3.2.conv2,0.10631
153,0,conv1,0.0824354
153,1,layer1.0.conv1,0.0666097
153,2,layer1.0.conv2,0.064336
153,3,layer1.1.conv1,0.0670839
153,4,layer1.1.conv2,0.0586555
153,5,layer1.2.conv1,0.0759399
153,6,layer1.2.conv2,0.0651575
153,7,layer2.0.conv1,0.0851212
153,8,layer2.0.conv2,0.104709
153,9,layer2.1.conv1,0.101361
153,10,layer2.1.conv2,0.0906854
153,11,layer2.2.conv1,0.10663
153,12,layer2.2.conv2,0.0911653
153,13,layer3.0.conv1,0.128255
153,14,layer3.0.conv2,0.17392
153,15,layer3.1.conv1,0.180082
153,16,layer3.1.conv2,0.166316
153,17,layer3.2.conv1,0.176319
153,18,layer3.2.conv2,0.0820043
154,0,conv1,0.10478
154,1,layer1.0.conv1,0.0809866
154,2,layer1.0.conv2,0.0766935
154,3,layer1.1.conv1,0.077551
154,4,layer1.1.conv2,0.0728286
154,5,layer1.2.conv1,0.0975164
154,6,layer1.2.conv2,0.0782992
154,7,layer2.0.conv1,0.105644
154,8,layer2.0.conv2,0.128268
154,9,layer2.1.conv1,0.123643
154,10,layer2.1.conv2,0.108472
154,11,layer2.2.conv1,0.131549
154,12,layer2.2.conv2,0.110956
154,13,layer3.0.conv1,0.160781
154,14,layer3.0.conv2,0.217583
154,15,layer3.1.conv1,0.223809
154,16,layer3.1.conv2,0.203784
154,17,layer3.2.conv1,0.212212
154,18,layer3.2.conv2,0.0960282
155,0,conv1,0.0816602
155,1,layer1.0.conv1,0.0725831
155,2,layer1.0.conv2,0.0693429
155,3,layer1.1.conv1,0.0721944
155,4,layer1.1.conv2,0.0684271
155,5,layer1.2.conv1,0.0897681
155,6,layer1.2.conv2,0.0732826
155,7,layer2.0.conv1,0.0963532
155,8,layer2.0.conv2,0.117453
155,9,layer2.1.conv1,0.11441
155,10,layer2.1.conv2,0.0990746
155,11,layer2.2.conv1,0.123138
155,12,layer2.2.conv2,0.105867
155,13,layer3.0.conv1,0.146835
155,14,layer3.0.conv2,0.195388
155,15,layer3.1.conv1,0.206477
155,16,layer3.1.conv2,0.191381
155,17,layer3.2.conv1,0.195694
155,18,layer3.2.conv2,0.0896804
156,0,conv1,0.091138
156,1,layer1.0.conv1,0.0764876
156,2,layer1.0.conv2,0.0748065
156,3,layer1.1.conv1,0.0745757
156,4,layer1.1.conv2,0.0715709
156,5,layer1.2.conv1,0.0887599
156,6,layer1.2.conv2,0.0714291
156,7,layer2.0.conv1,0.0965617
156,8,layer2.0.conv2,0.118316
156,9,layer2.1.conv1,0.112873
156,10,layer2.1.conv2,0.0992387
156,11,layer2.2.conv1,0.122875
156,12,layer2.2.conv2,0.105336
156,13,layer3.0.conv1,0.145958
156,14,layer3.0.conv2,0.195687
156,15,layer3.1.conv1,0.203306
156,16,layer3.1.conv2,0.186029
156,17,layer3.2.conv1,0.195709
156,18,layer3.2.conv2,0.0877644
157,0,conv1,0.0952009
157,1,layer1.0.conv1,0.0813588
157,2,layer1.0.conv2,0.0809817
157,3,layer1.1.conv1,0.0803149
157,4,layer1.1.conv2,0.0750986
157,5,layer1.2.conv1,0.100173
157,6,layer1.2.conv2,0.0817829
157,7,layer2.0.conv1,0.108038
157,8,layer2.0.conv2,0.131829
157,9,layer2.1.conv1,0.127081
157,10,layer2.1.conv2,0.115266
157,11,layer2.2.conv1,0.136381
157,12,layer2.2.conv2,0.114471
157,13,layer3.0.conv1,0.16186
157,14,layer3.0.conv2,0.216699
157,15,layer3.1.conv1,0.223196
157,16,layer3.1.conv2,0.211175
157,17,layer3.2.conv1,0.221616
157,18,layer3.2.conv2,0.0964823
158,0,conv1,0.0916651
158,1,layer1.0.conv1,0.0783388
158,2,layer1.0.conv2,0.0733364
158,3,layer1.1.conv1,0.0743344
158,4,layer1.1.conv2,0.0689987
158,5,layer1.2.conv1,0.0926872
158,6,layer1.2.conv2,0.0761182
158,7,layer2.0.conv1,0.100807
158,8,layer2.0.conv2,0.118677
158,9,layer2.1.conv1,0.113936
158,10,layer2.1.conv2,0.102858
158,11,layer2.2.conv1,0.123735
158,12,layer2.2.conv2,0.107133
158,13,layer3.0.conv1,0.1504
158,14,layer3.0.conv2,0.202188
158,15,layer3.1.conv1,0.209419
158,16,layer3.1.conv2,0.192718
158,17,layer3.2.conv1,0.200684
158,18,layer3.2.conv2,0.0904726
159,0,conv1,0.0941592
159,1,layer1.0.conv1,0.0803293
159,2,layer1.0.conv2,0.0767194
159,3,layer1.1.conv1,0.0792084
159,4,layer1.1.conv2,0.0743998
159,5,layer1.2.conv1,0.0994064
159,6,layer1.2.conv2,0.082084
159,7,layer2.0.conv1,0.107749
159,8,layer2.0.conv2,0.130036
159,9,layer2.1.conv1,0.126486
159,10,layer2.1.conv2,0.112383
159,11,layer2.2.conv1,0.135284
159,12,layer2.2.conv2,0.117133
159,13,layer3.0.conv1,0.163743
159,14,layer3.0.conv2,0.220516
159,15,layer3.1.conv1,0.230321
159,16,layer3.1.conv2,0.214548
159,17,layer3.2.conv1,0.220197
159,18,layer3.2.conv2,0.0981117
160,0,conv1,0.0779083
160,1,layer1.0.conv1,0.0660781
160,2,layer1.0.conv2,0.0636655
160,3,layer1.1.conv1,0.0642285
160,4,layer1.1.conv2,0.0607313
160,5,layer1.2.conv1,0.0795529
160,6,layer1.2.conv2,0.0659986
160,7,layer2.0.conv1,0.0880025
160,8,layer2.0.conv2,0.105376
160,9,layer2.1.conv1,0.102451
160,10,layer2.1.conv2,0.0906666
160,11,layer2.2.conv1,0.108902
160,12,layer2.2.conv2,0.095056
160,13,layer3.0.conv1,0.131017
160,14,layer3.0.conv2,0.1793
160,15,layer3.1.conv1,0.189568
160,16,layer3.1.conv2,0.177132
160,17,layer3.2.conv1,0.180446
160,18,layer3.2.conv2,0.0814215
161,0,conv1,0.0911677
161,1,layer1.0.conv1,0.0828831
161,2,layer1.0.conv2,0.082117
161,3,layer1.1.conv1,0.0820452
161,4,layer1.1.conv2,0.0768477
161,5,layer1.2.conv1,0.0995408
161,6,layer1.2.conv2,0.0812475
161,7,layer2.0.conv1,0.109658
161,8,layer2.0.conv2,0.130811
161,9,layer2.1.conv1,0.128132
161,10,layer2.1.conv2,0.113049
161,11,layer2.2.conv1,0.1384
161,12,layer2.2.conv2,0.118144
161,13,layer3.0.conv1,0.161809
161,14,layer3.0.conv2,0.222524
161,15,layer3.1.conv1,0.227744
161,16,layer3.1.conv2,0.211532
161,17,layer3.2.conv1,0.215532
161,18,layer3.2.conv2,0.098058
162,0,conv1,0.0898452
162,1,layer1.0.conv1,0.0703917
162,2,layer1.0.conv2,0.0688334
162,3,layer1.1.conv1,0.071488
162,4,layer1.1.conv2,0.0662184
162,5,layer1.2.conv1,0.0839565
162,6,layer1.2.conv2,0.0675089
162,7,layer2.0.conv1,0.0893203
162,8,layer2.0.conv2,0.112977
162,9,layer2.1.conv1,0.11123
162,10,layer2.1.conv2,0.0956208
162,11,layer2.2.conv1,0.115517
162,12,layer2.2.conv2,0.100076
162,13,layer3.0.conv1,0.136708
162,14,layer3.0.conv2,0.182716
162,15,layer3.1.conv1,0.189246
162,16,layer3.1.conv2,0.18152
162,17,layer3.2.conv1,0.187282
162,18,layer3.2.conv2,0.0844128
163,0,conv1,0.0860702
163,1,layer1.0.conv1,0.0749568
163,2,layer1.0.conv2,0.0767038
163,3,layer1.1.conv1,0.0760978
163,4,layer1.1.conv2,0.0718921
163,5,layer1.2.conv1,0.094513
163,6,layer1.2.conv2,0.0775203
163,7,layer2.0.conv1,0.102842
163,8,layer2.0.conv2,0.125906
163,9,layer2.1.conv1,0.119237
163,10,layer2.1.conv2,0.108476
163,11,layer2.2.conv1,0.126721
163,12,layer2.2.conv2,0.109854
163,13,layer3.0.conv1,0.153633
163,14,layer3.0.conv2,0.205826
163,15,layer3.1.conv1,0.214799
163,16,layer3.1.conv2,0.200618
163,17,layer3.2.conv1,0.209494
163,18,layer3.2.conv2,0.0937376
164,0,conv1,0.101238
164,1,layer1.0.conv1,0.093786
164,2,layer1.0.conv2,0.0929014
164,3,layer1.1.conv1,0.0910816
164,4,layer1.1.conv2,0.0854293
164,5,layer1.2.conv1,0.119137
164,6,layer1.2.conv2,0.0929567
164,7,layer2.0.conv1,0.124551
164,8,layer2.0.conv2,0.146808
164,9,layer2.1.conv1,0.138892
164,10,layer2.1.conv2,0.126195
164,11,layer2.2.conv1,0.147268
164,12,layer2.2.conv2,0.130874
164,13,layer3.0.conv1,0.181994
164,14,layer3.0.conv2,0.252329
164,15,layer3.1.conv1,0.261601
164,16,layer3.1.conv2,0.2411
164,17,layer3.2.conv1,0.253362
164,18,layer3.2.conv2,0.114345
