epoch,iter,lr,train_loss,train_err,test_loss,test_err,epoch_time_s
0,0,0.1,,,15.32617,90.790,0
1,391,0.1,1.72818,63.686,1.51005,55.710,48.6
2,782,0.1,1.27336,46.462,1.69164,54.070,46.9
3,1173,0.1,1.02378,36.618,1.16911,39.610,47.0
4,1564,0.1,0.88028,31.232,0.86769,30.070,46.8
5,1955,0.1,0.76215,26.792,0.73793,25.370,46.8
6,2346,0.1,0.67764,23.658,0.90390,29.440,47.5
7,2737,0.1,0.61925,21.538,0.78173,26.250,48.0
8,3128,0.1,0.57034,19.836,0.59955,20.720,46.6
9,3519,0.1,0.53469,18.426,0.67671,21.390,46.5
10,3910,0.1,0.50480,17.556,0.59894,20.550,46.6
11,4301,0.1,0.48364,16.726,0.59064,19.750,46.7
12,4692,0.1,0.46299,16.148,0.61906,20.010,47.0
13,5083,0.1,0.44766,15.470,0.54058,18.250,47.4
14,5474,0.1,0.43751,15.106,0.69512,22.390,46.9
15,5865,0.1,0.42129,14.624,0.51485,16.660,47.1
16,6256,0.1,0.40318,13.998,0.60939,20.130,47.3
17,6647,0.1,0.39011,13.430,0.58823,19.420,46.9
18,7038,0.1,0.39047,13.682,0.56801,19.240,46.9
19,7429,0.1,0.37866,13.214,0.47940,15.960,46.6
20,7820,0.1,0.36974,13.054,0.50048,16.590,47.0
21,8211,0.1,0.35901,12.474,0.49615,15.920,46.3
22,8602,0.1,0.35215,12.064,0.55422,17.790,46.0
23,8993,0.1,0.34688,11.950,0.51790,17.130,46.5
24,9384,0.1,0.33811,11.652,0.57316,17.500,46.6
25,9775,0.1,0.32941,11.456,0.47636,15.360,45.3
26,10166,0.1,0.32996,11.532,0.46114,15.200,45.6
27,10557,0.1,0.32138,11.218,0.52990,15.920,46.2
28,10948,0.1,0.32119,11.134,0.46036,15.120,47.7
29,11339,0.1,0.30916,10.870,0.47194,14.770,46.5
30,11730,0.1,0.31261,10.906,0.68776,20.520,45.9
31,12121,0.1,0.30363,10.524,0.53450,16.250,45.6
32,12512,0.1,0.29970,10.536,0.50728,16.210,45.6
33,12903,0.1,0.29727,10.388,0.53515,16.780,46.1
34,13294,0.1,0.29106,10.244,0.41737,13.340,46.3
35,13685,0.1,0.28977,10.094,0.48994,15.950,45.6
36,14076,0.1,0.28698,10.062,0.43927,14.540,46.1
37,14467,0.1,0.28298,10.026,0.46359,14.830,47.4
38,14858,0.1,0.28115,9.844,0.43405,14.150,46.8
39,15249,0.1,0.28029,9.828,0.47296,14.910,45.6
40,15640,0.1,0.27568,9.564,0.46898,14.760,46.3
41,16031,0.1,0.27193,9.534,0.52428,17.050,46.4
42,16422,0.1,0.27439,9.602,0.45539,14.360,45.8
43,16813,0.1,0.27279,9.630,0.45848,14.440,46.6
44,17204,0.1,0.26972,9.344,0.48670,15.370,45.8
45,17595,0.1,0.26940,9.318,0.45165,14.430,45.4
46,17986,0.1,0.26534,9.310,0.53051,17.240,45.9
47,18377,0.1,0.26235,9.252,0.42625,13.630,46.5
48,18768,0.1,0.26281,9.258,0.47093,14.150,46.4
49,19159,0.1,0.26038,9.116,0.46115,14.350,45.7
50,19550,0.1,0.26112,9.146,0.49528,15.250,46.2
51,19941,0.1,0.25519,8.918,0.49493,15.760,46.6
52,20332,0.1,0.25678,8.928,0.43828,13.960,45.6
53,20723,0.1,0.24912,8.802,0.40420,13.130,45.7
54,21114,0.1,0.25208,8.960,0.44859,14.340,46.2
55,21505,0.1,0.25081,8.824,0.41178,12.840,47.1
56,21896,0.1,0.24994,8.836,0.54776,16.580,47.3
57,22287,0.1,0.24675,8.660,0.60972,17.290,46.0
58,22678,0.1,0.24587,8.668,0.43781,13.560,46.7
59,23069,0.1,0.24864,8.778,0.43490,14.190,45.6
60,23460,0.1,0.24821,8.720,0.41426,13.210,45.8
61,23851,0.1,0.24624,8.728,0.46817,14.760,46.5
62,24242,0.1,0.24302,8.398,0.46475,14.720,47.8
63,24633,0.1,0.24265,8.476,0.57643,16.910,45.8
64,25024,0.1,0.24035,8.394,0.42764,13.010,45.8
65,25415,0.1,0.24155,8.520,0.45180,14.240,45.6
66,25806,0.1,0.23691,8.400,0.45193,14.550,45.0
67,26197,0.1,0.24228,8.500,0.44087,13.260,46.0
68,26588,0.1,0.24093,8.454,0.46152,14.260,45.4
69,26979,0.1,0.23670,8.386,0.39164,12.850,46.3
70,27370,0.1,0.23311,8.144,0.69468,19.060,46.0
71,27761,0.1,0.24240,8.522,0.44447,13.530,46.2
72,28152,0.1,0.23739,8.358,0.52881,16.380,45.4
73,28543,0.1,0.23585,8.186,0.44379,14.180,45.5
74,28934,0.1,0.22249,7.840,0.41685,12.590,45.6
75,29325,0.1,0.23233,8.258,0.41530,13.150,46.6
76,29716,0.1,0.23278,8.116,0.49429,14.220,45.3
77,30107,0.1,0.23240,8.188,0.43936,12.950,45.7
78,30498,0.1,0.23378,8.114,0.39564,12.740,45.6
79,30889,0.1,0.22640,7.896,0.42124,13.190,46.0
80,31280,0.1,0.23405,8.146,0.38594,13.010,46.0
81,31671,0.1,0.22505,7.868,0.43119,13.150,47.2
82,32062,0.01,0.22311,7.884,0.29720,9.760,45.8
83,32453,0.01,0.13385,4.560,0.27316,8.650,46.2
84,32844,0.01,0.11392,3.926,0.26756,8.480,45.9
85,33235,0.01,0.10529,3.482,0.26499,8.340,45.6
86,33626,0.01,0.09659,3.220,0.26648,8.310,44.8
87,34017,0.01,0.09266,3.060,0.26695,8.210,45.9
88,34408,0.01,0.08765,2.988,0.26915,8.060,45.6
89,34799,0.01,0.08788,2.998,0.27661,8.160,46.2
90,35190,0.01,0.08134,2.804,0.27965,8.350,45.3
91,35581,0.01,0.07589,2.544,0.28032,8.340,45.7
92,35972,0.01,0.07536,2.518,0.28150,8.090,45.5
93,36363,0.01,0.07148,2.376,0.28939,8.420,45.5
94,36754,0.01,0.07142,2.434,0.28691,8.240,45.6
95,37145,0.01,0.06639,2.170,0.29004,8.120,46.1
96,37536,0.01,0.06756,2.292,0.29133,8.460,47.1
97,37927,0.01,0.06345,2.158,0.29171,8.160,45.1
98,38318,0.01,0.06374,2.106,0.28783,8.140,45.5
99,38709,0.01,0.06101,2.036,0.29633,8.140,45.4
100,39100,0.01,0.05912,2.020,0.30039,8.320,45.9
101,39491,0.01,0.05773,1.922,0.30001,8.080,45.3
102,39882,0.01,0.05621,1.894,0.30175,8.310,46.5
103,40273,0.01,0.05619,1.826,0.30680,8.250,46.3
104,40664,0.01,0.05300,1.820,0.30256,8.150,46.1
105,41055,0.01,0.05292,1.676,0.30746,8.490,45.7
106,41446,0.01,0.05036,1.688,0.31133,8.270,45.8
107,41837,0.01,0.05189,1.714,0.30909,8.470,44.8
108,42228,0.01,0.05072,1.670,0.31299,8.600,45.6
109,42619,0.01,0.04860,1.664,0.31275,8.210,46.5
110,43010,0.01,0.04533,1.430,0.32415,8.320,46.3
111,43401,0.01,0.04831,1.618,0.31678,8.330,46.2
112,43792,0.01,0.04526,1.460,0.32238,8.340,45.9
113,44183,0.01,0.04346,1.458,0.31959,8.180,45.8
114,44574,0.01,0.04380,1.440,0.31955,8.010,45.4
115,44965,0.01,0.04427,1.502,0.33004,8.430,46.8
116,45356,0.01,0.04231,1.418,0.33069,8.510,46.2
117,45747,0.01,0.04185,1.372,0.32820,8.500,46.0
118,46138,0.01,0.04246,1.438,0.33306,8.530,46.0
119,46529,0.01,0.04115,1.384,0.33985,8.510,46.6
120,46920,0.01,0.04071,1.298,0.34817,8.420,45.7
121,47311,0.01,0.04183,1.390,0.33250,8.320,46.1
122,47702,0.01,0.03895,1.240,0.34037,8.380,48.1
123,48093,0.001,0.03952,1.302,0.33159,8.220,45.0
124,48484,0.001,0.03276,1.052,0.32792,8.040,46.0
125,48875,0.001,0.03088,0.930,0.32889,8.240,45.2
126,49266,0.001,0.03004,0.948,0.32793,8.150,45.2
127,49657,0.001,0.02945,0.886,0.32660,8.110,46.1
128,50048,0.001,0.02902,0.878,0.32940,8.170,46.4
129,50439,0.001,0.02859,0.870,0.32868,8.160,46.8
130,50830,0.001,0.02817,0.858,0.32815,8.190,45.6
131,51221,0.001,0.02902,0.848,0.33065,8.150,45.1
132,51612,0.001,0.02739,0.822,0.32792,8.120,45.4
133,52003,0.001,0.02874,0.894,0.32853,8.100,45.7
134,52394,0.001,0.02841,0.832,0.33038,8.070,46.0
135,52785,0.001,0.02675,0.740,0.32817,7.990,47.6
136,53176,0.001,0.02630,0.766,0.32907,8.050,45.4
137,53567,0.001,0.02731,0.824,0.33124,8.080,45.4
138,53958,0.001,0.02756,0.830,0.32796,8.050,45.2
139,54349,0.001,0.02832,0.838,0.32792,8.130,46.2
140,54740,0.001,0.02675,0.806,0.32942,8.110,45.7
141,55131,0.001,0.02628,0.794,0.32876,8.110,45.4
142,55522,0.001,0.02635,0.786,0.33140,8.070,46.8
143,55913,0.001,0.02589,0.714,0.33179,8.020,46.2
144,56304,0.001,0.02517,0.696,0.33234,8.140,45.0
145,56695,0.001,0.02582,0.712,0.32992,8.010,45.5
146,57086,0.001,0.02472,0.704,0.32913,8.060,45.8
147,57477,0.001,0.02553,0.732,0.33134,7.960,45.9
148,57868,0.001,0.02476,0.652,0.33167,8.020,46.7
149,58259,0.001,0.02481,0.676,0.33238,8.060,45.8
150,58650,0.001,0.02485,0.764,0.33120,7.980,45.5
151,59041,0.001,0.02346,0.610,0.33237,8.030,45.2
152,59432,0.001,0.02589,0.718,0.33411,8.090,44.9
153,59823,0.001,0.02501,0.686,0.33329,8.010,45.0
154,60214,0.001,0.02462,0.706,0.33386,8.060,45.5
155,60605,0.001,0.02442,0.698,0.33184,8.050,45.0
156,60996,0.001,0.02498,0.738,0.33379,8.090,46.2
157,61387,0.001,0.02548,0.744,0.33400,7.970,45.7
158,61778,0.001,0.02392,0.634,0.33100,7.940,45.8
159,62169,0.001,0.02400,0.652,0.33412,7.920,45.0
160,62560,0.001,0.02287,0.638,0.33398,8.020,44.7
161,62951,0.001,0.02463,0.696,0.33459,7.980,44.9
162,63342,0.001,0.02389,0.666,0.33762,7.910,26.4
163,63733,0.001,0.02436,0.708,0.33397,8.030,22.5
164,64000,0.001,0.02224,0.594,0.33538,8.010,27.2
